scenario,rep,seed,groups,pop,area_type,p_MDA_percent,p_covered,Y_TAS,tas_sample,mf_prev_2010_end,ant_prev_2010_end_allages,years_to_elimination,total_infected_people,total_years_with_infection,total_mda_doses,mda_years,tas_surveys,mf_zero_at_end,final_year
1,1,423957,316,53944,AS,0.1,0.5,2,1500,0.563192,3.50585,-1,1393,5195,236753,9,10,0,2040
1,2,423958,316,53794,AS,0.1,0.5,2,1500,0.630011,3.57157,-1,1502,6413,183332,7,10,0,2040
1,3,423959,316,53186,AS,0.1,0.5,2,1500,0.591829,3.64936,-1,1530,6169,182589,7,10,0,2040
1,4,423960,316,54211,AS,0.1,0.5,2,1500,0.61092,3.5917,-1,1350,5361,237911,9,10,0,2040
1,5,423961,316,53673,AS,0.1,0.5,2,1500,0.595647,3.59418,-1,1466,6002,182604,7,10,0,2040
1,6,423962,316,54125,AS,0.1,0.5,2,1500,0.591829,3.58828,-1,1272,5196,183422,7,10,0,2040
1,7,423963,316,52833,AS,0.1,0.5,2,1500,0.61092,3.49062,-1,1361,5321,181082,7,10,0,2040
1,8,423964,316,53701,AS,0.1,0.5,2,1500,0.630011,3.56576,-1,1373,6116,183172,7,10,0,2040
1,9,423965,316,53412,AS,0.1,0.5,2,1500,0.559374,3.40607,-1,1341,5342,235416,9,10,0,2040
1,10,423966,316,53300,AS,0.1,0.5,2,1500,0.578465,3.36067,-1,1330,5265,208728,8,9,0,2040
1,1,523957,316,53940,AS,0.1,0.5,3,1500,0.609011,3.66571,-1,1341,4795,209989,8,6,0,2040
1,2,523958,316,53309,AS,0.1,0.5,3,1500,0.593738,3.52856,-1,1368,5107,208592,8,6,0,2040
1,3,523959,316,53519,AS,0.1,0.5,3,1500,0.622375,3.58156,-1,1276,4579,209307,8,6,0,2040
1,4,523960,316,53653,AS,0.1,0.5,3,1500,0.61092,3.54477,-1,1329,5065,208094,8,6,0,2040
1,5,523961,316,53266,AS,0.1,0.5,3,1500,0.626193,3.53033,-1,1455,6051,235395,9,6,0,2040
1,6,523962,316,54104,AS,0.1,0.5,3,1500,0.582283,3.52903,-1,1305,4590,209837,8,6,0,2040
1,7,523963,316,53771,AS,0.1,0.5,3,1500,0.574647,3.48988,-1,1141,4130,181996,7,7,0,2040
1,8,523964,316,53577,AS,0.1,0.5,3,1500,0.549828,3.42546,-1,1058,3720,182040,7,7,0,2040
1,9,523965,316,53442,AS,0.1,0.5,3,1500,0.639557,3.62889,-1,1243,4784,208692,8,6,0,2040
1,10,523966,316,53434,AS,0.1,0.5,3,1500,0.580374,3.47407,-1,1255,4592,261490,10,7,0,2040
1,1,424107,316,53350,AS,0.1,0.65,2,1500,0.557465,3.46014,-1,1088,3709,169678,5,11,0,2040
1,2,424108,316,53778,AS,0.1,0.65,2,1500,0.526919,3.5775,-1,1056,4038,170668,5,11,0,2040
1,3,424109,316,53456,AS,0.1,0.65,2,1500,0.584192,3.56959,-1,1177,3893,169806,5,11,0,2040
1,4,424110,316,53408,AS,0.1,0.65,2,1500,0.609011,3.57954,-1,1264,4689,169590,5,11,0,2040
1,5,424111,316,53230,AS,0.1,0.65,2,1500,0.547919,3.42767,-1,1134,3935,168692,5,11,0,2040
1,6,424112,316,53477,AS,0.1,0.65,2,1500,0.578465,3.58187,-1,1155,4284,169451,5,11,0,2040
1,7,424113,316,53953,AS,0.1,0.65,2,1500,0.630011,3.60689,-1,1271,4673,170223,5,11,0,2040
1,8,424114,316,53557,AS,0.1,0.65,2,1500,0.570829,3.45759,-1,1147,3707,169370,5,11,0,2040
1,9,424115,316,52299,AS,0.1,0.65,2,1500,0.595647,3.51384,-1,1102,3359,169277,5,4,1,2027
1,10,424116,316,53247,AS,0.1,0.65,2,1500,0.588011,3.5816,-1,1243,4802,169329,5,11,0,2040
1,1,524107,316,53142,AS,0.1,0.65,3,1500,0.607102,3.5663,-1,1219,4374,202581,6,7,0,2040
1,2,524108,316,52912,AS,0.1,0.65,3,1500,0.630011,3.58277,-1,1236,3849,202433,6,7,0,2040
1,3,524109,316,52838,AS,0.1,0.65,3,1500,0.574647,3.50797,-1,1072,3350,203857,6,3,1,2030
1,4,524110,316,53680,AS,0.1,0.65,3,1500,0.572738,3.46789,-1,1095,3773,203859,6,7,0,2040
1,5,524111,316,52417,AS,0.1,0.65,3,1500,0.578465,3.50659,-1,1146,3649,202911,6,2,1,2026
1,6,524112,316,53523,AS,0.1,0.65,3,1500,0.551737,3.62175,-1,1118,3593,203067,6,7,0,2040
1,7,524113,316,53859,AS,0.1,0.65,3,1500,0.601375,3.46171,-1,1175,3828,203548,6,7,0,2040
1,8,524114,316,53395,AS,0.1,0.65,3,1500,0.570829,3.58448,-1,1152,3915,203127,6,7,0,2040
1,9,524115,316,52149,AS,0.1,0.65,3,1500,0.588011,3.71746,-1,1151,3513,203375,6,1,1,2024
1,10,524116,316,53333,AS,0.1,0.65,3,1500,0.561283,3.44749,-1,1026,3205,202780,6,7,0,2040
1,1,424257,316,53896,AS,0.1,0.8,2,1500,0.584192,3.46504,-1,1118,3445,167130,4,11,0,2040
1,2,424258,316,52269,AS,0.1,0.8,2,1500,0.570829,3.48157,-1,996,2960,167040,4,1,1,2021
1,3,424259,316,53647,AS,0.1,0.8,2,1500,0.565101,3.4587,-1,1021,3014,166623,4,11,0,2040
1,4,424260,316,52511,AS,0.1,0.8,2,1500,0.609011,3.61326,-1,1091,3238,167641,4,1,1,2021
1,5,424261,316,52517,AS,0.1,0.8,2,1500,0.666285,3.6573,-1,1221,3638,166775,4,4,1,2027
1,6,424262,316,52016,AS,0.1,0.8,2,1500,0.620466,3.5481,-1,1116,3353,166433,4,1,1,2021
1,7,424263,316,52029,AS,0.1,0.8,2,1500,0.544101,3.42531,-1,983,2887,166591,4,1,1,2021
1,8,424264,316,52348,AS,0.1,0.8,2,1500,0.591829,3.44426,-1,1100,3303,166887,4,4,1,2026
1,9,424265,316,53516,AS,0.1,0.8,2,1500,0.561283,3.40532,-1,1282,4426,166834,4,11,0,2040
1,10,424266,316,52116,AS,0.1,0.8,2,1500,0.559374,3.4671,-1,1036,3161,166762,4,1,1,2021
1,1,524257,316,52000,AS,0.1,0.8,3,1500,0.599465,3.56269,-1,1103,3300,208161,5,1,1,2023
1,2,524258,316,52252,AS,0.1,0.8,3,1500,0.626193,3.545,-1,1113,3295,167250,4,1,1,2022
1,3,524259,316,52152,AS,0.1,0.8,3,1500,0.601375,3.62091,-1,1089,3185,208544,5,1,1,2023
1,4,524260,316,52491,AS,0.1,0.8,3,1500,0.561283,3.62251,-1,1039,3107,209271,5,2,1,2024
1,5,524261,316,52356,AS,0.1,0.8,3,1500,0.576556,3.44208,-1,1042,3101,167562,4,1,1,2022
1,6,524262,316,51983,AS,0.1,0.8,3,1500,0.597556,3.51541,-1,1199,3603,166363,4,1,1,2022
1,7,524263,316,52358,AS,0.1,0.8,3,1500,0.586102,3.57989,-1,1130,3299,167683,4,1,1,2022
1,8,524264,316,52595,AS,0.1,0.8,3,1500,0.591829,3.49295,-1,973,2930,209971,5,1,1,2023
1,9,524265,316,52178,AS,0.1,0.8,3,1500,0.56701,3.41731,-1,947,2757,166663,4,1,1,2022
1,10,524266,316,52132,AS,0.1,0.8,3,1500,0.601375,3.62193,-1,1131,3414,208786,5,1,1,2023
1,1,823957,316,53825,AS,0.5,0.5,2,1500,0.630011,3.61151,-1,1336,4820,209189,8,11,0,2040
1,2,823958,316,52120,AS,0.5,0.5,2,1500,0.563192,3.45559,-1,1230,4383,208703,8,5,1,2029
1,3,823959,316,53675,AS,0.5,0.5,2,1500,0.622375,3.63741,-1,1515,6033,209664,8,11,0,2040
1,4,823960,316,54213,AS,0.5,0.5,2,1500,0.607102,3.46934,-1,1469,5813,209474,8,11,0,2040
1,5,823961,316,54115,AS,0.5,0.5,2,1500,0.599465,3.52993,-1,1441,5607,209152,8,11,0,2040
1,6,823962,316,53007,AS,0.5,0.5,2,1500,0.576556,3.60953,-1,1402,5604,208453,8,11,0,2040
1,7,823963,316,53634,AS,0.5,0.5,2,1500,0.58992,3.56377,-1,1325,5145,260494,10,11,0,2040
1,8,823964,316,53732,AS,0.5,0.5,2,1500,0.582283,3.55464,-1,1191,4355,208874,8,11,0,2040
1,9,823965,316,53543,AS,0.5,0.5,2,1500,0.576556,3.64078,-1,1271,4978,209321,8,11,0,2040
1,10,823966,316,54105,AS,0.5,0.5,2,1500,0.61092,3.65076,-1,1412,5522,209431,8,11,0,2040
1,1,923957,316,53272,AS,0.5,0.5,3,1500,0.595647,3.52932,-1,1541,7032,287141,11,7,0,2040
1,2,923958,316,53242,AS,0.5,0.5,3,1500,0.588011,3.54016,-1,1505,6376,208459,8,7,0,2040
1,3,923959,316,53395,AS,0.5,0.5,3,1500,0.614738,3.60018,-1,1363,5242,209199,8,7,0,2040
1,4,923960,316,53306,AS,0.5,0.5,3,1500,0.595647,3.59326,-1,1394,5290,208731,8,7,0,2040
1,5,923961,316,54198,AS,0.5,0.5,3,1500,0.578465,3.50589,-1,1395,5608,209701,8,7,0,2040
1,6,923962,316,53688,AS,0.5,0.5,3,1500,0.628102,3.48164,-1,1454,5974,208826,8,7,0,2040
1,7,923963,316,53607,AS,0.5,0.5,3,1500,0.643375,3.55922,-1,1413,5776,208977,8,7,0,2040
1,8,923964,316,53846,AS,0.5,0.5,3,1500,0.626193,3.56322,-1,1387,5452,209668,8,7,0,2040
1,9,923965,316,53376,AS,0.5,0.5,3,1500,0.649103,3.59376,-1,1383,5889,263115,10,7,0,2040
1,10,923966,316,53313,AS,0.5,0.5,3,1500,0.620466,3.56643,-1,1396,5604,209142,8,7,0,2040
1,1,824107,316,53416,AS,0.5,0.65,2,1500,0.595647,3.56931,-1,1213,4075,203129,6,11,0,2040
1,2,824108,316,53312,AS,0.5,0.65,2,1500,0.576556,3.63299,-1,1173,4623,169117,5,12,0,2040
1,3,824109,316,52395,AS,0.5,0.65,2,1500,0.576556,3.58045,-1,1156,3954,169834,5,5,1,2028
1,4,824110,316,53008,AS,0.5,0.65,2,1500,0.559374,3.58071,-1,1204,4126,202441,6,11,0,2040
1,5,824111,316,53643,AS,0.5,0.65,2,1500,0.595647,3.5512,-1,1192,4273,203723,6,11,0,2040
1,6,824112,316,53871,AS,0.5,0.65,2,1500,0.622375,3.63272,-1,1372,4735,135622,4,11,0,2040
1,7,824113,316,52829,AS,0.5,0.65,2,1500,0.572738,3.48828,-1,1128,3862,167737,5,12,0,2040
1,8,824114,316,53167,AS,0.5,0.65,2,1500,0.620466,3.50045,-1,1261,4644,203893,6,11,0,2040
1,9,824115,316,54008,AS,0.5,0.65,2,1500,0.616648,3.55414,-1,1258,4477,169526,5,12,0,2040
1,10,824116,316,52615,AS,0.5,0.65,2,1500,0.557465,3.47851,-1,1184,3720,204628,6,2,1,2023
1,1,924107,316,53116,AS,0.5,0.65,3,1500,0.568919,3.55094,-1,1203,4763,271410,8,7,0,2040
1,2,924108,316,53679,AS,0.5,0.65,3,1500,0.588011,3.59009,-1,1288,4566,169486,5,7,0,2040
1,3,924109,316,53589,AS,0.5,0.65,3,1500,0.588011,3.50484,-1,1227,4223,170005,5,7,0,2040
1,4,924110,316,53532,AS,0.5,0.65,3,1500,0.593738,3.49805,-1,1265,4507,170099,5,7,0,2040
1,5,924111,316,53331,AS,0.5,0.65,3,1500,0.618557,3.47236,-1,1246,4661,169285,5,7,0,2040
1,6,924112,316,52329,AS,0.5,0.65,3,1500,0.614738,3.54667,-1,1276,4787,203768,6,2,1,2024
1,7,924113,316,53851,AS,0.5,0.65,3,1500,0.635739,3.62902,-1,1444,5382,239538,7,7,0,2040
1,8,924114,316,53625,AS,0.5,0.65,3,1500,0.652921,3.5463,-1,1346,5449,169648,5,7,0,2040
1,9,924115,316,53251,AS,0.5,0.65,3,1500,0.622375,3.44282,-1,1450,5996,135487,4,8,0,2040
1,10,924116,316,51797,AS,0.5,0.65,3,1500,0.551737,3.48722,-1,1185,4320,236498,7,2,1,2025
1,1,824257,316,51918,AS,0.5,0.8,2,1500,0.612829,3.4432,-1,1149,3490,207772,5,2,1,2022
1,2,824258,316,52674,AS,0.5,0.8,2,1500,0.578465,3.4292,-1,1031,3276,125229,3,5,1,2028
1,3,824259,316,52032,AS,0.5,0.8,2,1500,0.61092,3.58264,-1,1179,3729,166450,4,2,1,2021
1,4,824260,316,53768,AS,0.5,0.8,2,1500,0.555556,3.52403,-1,1116,3990,124765,3,12,0,2040
1,5,824261,316,52136,AS,0.5,0.8,2,1500,0.616648,3.5836,-1,1167,3705,166654,4,2,1,2021
1,6,824262,316,51896,AS,0.5,0.8,2,1500,0.544101,3.39823,-1,939,2861,207497,5,2,1,2022
1,7,824263,316,54055,AS,0.5,0.8,2,1500,0.63383,3.68865,-1,1123,3801,125769,3,12,0,2040
1,8,824264,316,53221,AS,0.5,0.8,2,1500,0.582283,3.37197,-1,1134,3945,125350,3,12,0,2040
1,9,824265,316,52074,AS,0.5,0.8,2,1500,0.624284,3.49162,-1,1214,3915,208401,5,2,1,2022
1,10,824266,316,53725,AS,0.5,0.8,2,1500,0.652921,3.62384,-1,1268,4334,125363,3,12,0,2040
1,1,924257,316,53272,AS,0.5,0.8,3,1500,0.620466,3.54921,-1,1265,4329,166386,4,8,0,2040
1,2,924258,316,53768,AS,0.5,0.8,3,1500,0.622375,3.54397,-1,1211,4026,166887,4,8,0,2040
1,3,924259,316,53940,AS,0.5,0.8,3,1500,0.641466,3.55228,-1,1260,4263,167750,4,8,0,2040
1,4,924260,316,52548,AS,0.5,0.8,3,1500,0.61092,3.6411,-1,1153,3682,167469,4,2,1,2024
1,5,924261,316,52414,AS,0.5,0.8,3,1500,0.649103,3.5208,-1,1294,4210,167218,4,2,1,2024
1,6,924262,316,53848,AS,0.5,0.8,3,1500,0.58992,3.4393,-1,1281,4706,166305,4,8,0,2040
1,7,924263,316,53704,AS,0.5,0.8,3,1500,0.601375,3.58153,-1,1190,4277,167381,4,8,0,2040
1,8,924264,316,52214,AS,0.5,0.8,3,1500,0.609011,3.62671,-1,1249,3983,166896,4,2,1,2023
1,9,924265,316,53226,AS,0.5,0.8,3,1500,0.551737,3.53933,-1,1054,3589,166432,4,8,0,2040
1,10,924266,316,52579,AS,0.5,0.8,3,1500,0.65483,3.48815,-1,1241,4306,167294,4,3,1,2028
1,1,1323957,316,53673,AS,1,0.5,2,1500,0.620466,3.50354,-1,1564,6523,289328,11,12,0,2040
1,2,1323958,316,53767,AS,1,0.5,2,1500,0.572738,3.50039,-1,1327,5065,235453,9,12,0,2040
1,3,1323959,316,53271,AS,1,0.5,2,1500,0.656739,3.51696,-1,1688,7201,287357,11,12,0,2040
1,4,1323960,316,54008,AS,1,0.5,2,1500,0.614738,3.47399,-1,1342,5630,236800,9,12,0,2040
1,5,1323961,316,54026,AS,1,0.5,2,1500,0.618557,3.53952,-1,1613,6969,235342,9,12,0,2040
1,6,1323962,316,53849,AS,1,0.5,2,1500,0.559374,3.51374,-1,1469,5841,235020,9,12,0,2040
1,7,1323963,316,53728,AS,1,0.5,2,1500,0.582283,3.61972,-1,1468,6039,182602,7,12,0,2040
1,8,1323964,316,53732,AS,1,0.5,2,1500,0.576556,3.6619,-1,1395,5669,182975,7,12,0,2040
1,9,1323965,316,53602,AS,1,0.5,2,1500,0.609011,3.45474,-1,1381,5777,182855,7,12,0,2040
1,10,1323966,316,53705,AS,1,0.5,2,1500,0.603284,3.66999,-1,1480,6144,182431,7,12,0,2040
1,1,1423957,316,53829,AS,1,0.5,3,1500,0.542192,3.47881,-1,1590,7250,183043,7,8,0,2040
1,2,1423958,316,54012,AS,1,0.5,3,1500,0.591829,3.40234,-1,1619,6710,263112,10,8,0,2040
1,3,1423959,316,53645,AS,1,0.5,3,1500,0.614738,3.47273,-1,1519,6612,263687,10,8,0,2040
1,4,1423960,316,52780,AS,1,0.5,3,1500,0.559374,3.55573,-1,1531,6186,263212,10,4,1,2029
1,5,1423961,316,53566,AS,1,0.5,3,1500,0.603284,3.50055,-1,1643,6909,261107,10,8,0,2040
1,6,1423962,316,53041,AS,1,0.5,3,1500,0.614738,3.67116,-1,1583,7147,182411,7,8,0,2040
1,7,1423963,316,53454,AS,1,0.5,3,1500,0.639557,3.59597,-1,1625,6757,262574,10,8,0,2040
1,8,1423964,316,53747,AS,1,0.5,3,1500,0.580374,3.43016,-1,1475,6553,264901,10,8,0,2040
1,9,1423965,316,53079,AS,1,0.5,3,1500,0.593738,3.55587,-1,1528,6518,261007,10,8,0,2040
1,10,1423966,316,53120,AS,1,0.5,3,1500,0.601375,3.55044,-1,1475,5934,260566,10,8,0,2040
1,1,1324107,316,53861,AS,1,0.65,2,1500,0.56701,3.44729,-1,1482,5892,170058,5,12,0,2040
1,2,1324108,316,53099,AS,1,0.65,2,1500,0.672012,3.59756,-1,1419,5820,237620,7,12,0,2040
1,3,1324109,316,53579,AS,1,0.65,2,1500,0.616648,3.61738,-1,1377,5070,169438,5,12,0,2040
1,4,1324110,316,52644,AS,1,0.65,2,1500,0.609011,3.70477,-1,1198,4211,170671,5,5,1,2028
1,5,1324111,316,52523,AS,1,0.65,2,1500,0.570829,3.51615,-1,1247,4213,238851,7,3,1,2024
1,6,1324112,316,51952,AS,1,0.65,2,1500,0.628102,3.53839,-1,1213,4156,202578,6,3,1,2023
1,7,1324113,316,53595,AS,1,0.65,2,1500,0.588011,3.40646,-1,1317,5404,169239,5,12,0,2040
1,8,1324114,316,53303,AS,1,0.65,2,1500,0.603284,3.60469,-1,1250,4683,169022,5,12,0,2040
1,9,1324115,316,52532,AS,1,0.65,2,1500,0.582283,3.48349,-1,1205,4032,238391,7,3,1,2024
1,10,1324116,316,53668,AS,1,0.65,2,1500,0.612829,3.59082,-1,1294,4805,169877,5,12,0,2040
1,1,1424107,316,52523,AS,1,0.65,3,1500,0.645284,3.63428,-1,1347,4876,237211,7,3,1,2027
1,2,1424108,316,52377,AS,1,0.65,3,1500,0.605193,3.59363,-1,1254,4640,236741,7,4,1,2029
1,3,1424109,316,52327,AS,1,0.65,3,1500,0.574647,3.47071,-1,1448,5227,237729,7,2,1,2025
1,4,1424110,316,52202,AS,1,0.65,3,1500,0.576556,3.54727,-1,1320,4953,203459,6,2,1,2024
1,5,1424111,316,52226,AS,1,0.65,3,1500,0.620466,3.56202,-1,1299,4641,203351,6,2,1,2024
1,6,1424112,316,52419,AS,1,0.65,3,1500,0.620466,3.56066,-1,1466,5434,238311,7,2,1,2025
1,7,1424113,316,52164,AS,1,0.65,3,1500,0.599465,3.48195,-1,1295,4698,236614,7,3,1,2026
1,8,1424114,316,52350,AS,1,0.65,3,1500,0.618557,3.62063,-1,1386,5056,238244,7,2,1,2025
1,9,1424115,316,53588,AS,1,0.65,3,1500,0.561283,3.42626,-1,1246,4960,238230,7,8,0,2040
1,10,1424116,316,52071,AS,1,0.65,3,1500,0.605193,3.66783,-1,1309,4756,237164,7,2,1,2025
1,1,1324257,316,52286,AS,1,0.8,2,1500,0.637648,3.63758,-1,1205,3789,167166,4,2,1,2021
1,2,1324258,316,52265,AS,1,0.8,2,1500,0.603284,3.60355,-1,1082,3286,124698,3,5,1,2027
1,3,1324259,316,52299,AS,1,0.8,2,1500,0.622375,3.5771,-1,1164,3706,209166,5,2,1,2022
1,4,1324260,316,53359,AS,1,0.8,2,1500,0.618557,3.61384,-1,1265,4812,125362,3,12,0,2040
1,5,1324261,316,52334,AS,1,0.8,2,1500,0.580374,3.56113,-1,1099,3354,208968,5,2,1,2022
1,6,1324262,316,52406,AS,1,0.8,2,1500,0.624284,3.4753,-1,1183,3669,208972,5,3,1,2023
1,7,1324263,316,52277,AS,1,0.8,2,1500,0.601375,3.49191,-1,1108,3536,167558,4,2,1,2021
1,8,1324264,316,52695,AS,1,0.8,2,1500,0.582283,3.52669,-1,1036,3160,209430,5,3,1,2024
1,9,1324265,316,53383,AS,1,0.8,2,1500,0.557465,3.44762,-1,1019,3400,125705,3,12,0,2040
1,10,1324266,316,52411,AS,1,0.8,2,1500,0.58992,3.66182,-1,1205,3870,209644,5,2,1,2022
1,1,1424257,316,52486,AS,1,0.8,3,1500,0.630011,3.53168,-1,1100,3478,167488,4,3,1,2026
1,2,1424258,316,52435,AS,1,0.8,3,1500,0.618557,3.51948,-1,1080,3510,167509,4,1,1,2022
1,3,1424259,316,52386,AS,1,0.8,3,1500,0.597556,3.49947,-1,1263,4089,167598,4,2,1,2025
1,4,1424260,316,52342,AS,1,0.8,3,1500,0.572738,3.45791,-1,1160,3706,166870,4,2,1,2025
1,5,1424261,316,52435,AS,1,0.8,3,1500,0.593738,3.61441,-1,1292,4150,167401,4,2,1,2025
1,6,1424262,316,52132,AS,1,0.8,3,1500,0.597556,3.54004,-1,1098,3367,166679,4,1,1,2022
1,7,1424263,316,52132,AS,1,0.8,3,1500,0.54601,3.50867,-1,962,3033,166471,4,1,1,2022
1,8,1424264,316,53107,AS,1,0.8,3,1500,0.61092,3.66164,-1,1256,4215,166567,4,8,0,2040
1,9,1424265,316,53644,AS,1,0.8,3,1500,0.597556,3.56938,-1,1155,3936,167275,4,8,0,2040
1,10,1424266,316,53289,AS,1,0.8,3,1500,0.538373,3.55093,-1,1031,3272,167243,4,5,1,2034
1,1,424157,316,52906,subvillage,0.1,0.5,2,1500,0.647194,3.62377,-1,1308,4456,164048,14,5,1,2031
1,2,424158,316,52356,subvillage,0.1,0.5,2,1500,0.568919,3.40231,-1,1176,3968,149521,9,2,1,2026
1,3,424159,316,52584,subvillage,0.1,0.5,2,1500,0.559374,3.57184,-1,1090,3614,147525,9,2,1,2026
1,4,424160,316,54117,subvillage,0.1,0.5,2,1500,0.58992,3.62549,-1,1193,4209,162745,23,10,0,2040
1,5,424161,316,52452,subvillage,0.1,0.5,2,1500,0.605193,3.60748,-1,1257,4093,153008,10,3,1,2027
1,6,424162,316,52356,subvillage,0.1,0.5,2,1500,0.601375,3.54309,-1,1129,3819,155431,11,3,1,2028
1,7,424163,316,52861,subvillage,0.1,0.5,2,1500,0.616648,3.69911,-1,1162,3957,156427,13,4,1,2030
1,8,424164,316,52389,subvillage,0.1,0.5,2,1500,0.549828,3.47984,-1,1087,3572,155749,12,4,1,2029
1,9,424165,316,52685,subvillage,0.1,0.5,2,1500,0.586102,3.56658,-1,1146,3816,155727,14,5,1,2031
1,10,424166,316,52235,subvillage,0.1,0.5,2,1500,0.593738,3.55961,-1,1245,4009,150540,9,2,1,2026
1,1,524157,316,52269,subvillage,0.1,0.5,3,1500,0.528828,3.42181,-1,1087,3699,151495,12,3,1,2030
1,2,524158,316,52519,subvillage,0.1,0.5,3,1500,0.595647,3.41619,-1,1152,3746,154963,12,3,1,2030
1,3,524159,316,52976,subvillage,0.1,0.5,3,1500,0.593738,3.41226,-1,1163,3821,158991,15,4,1,2033
1,4,524160,316,53026,subvillage,0.1,0.5,3,1500,0.599465,3.50623,-1,1228,4166,180404,13,3,1,2031
1,5,524161,316,52809,subvillage,0.1,0.5,3,1500,0.63383,3.58261,-1,1216,4146,157082,13,3,1,2031
1,6,524162,316,52849,subvillage,0.1,0.5,3,1500,0.56701,3.53178,-1,1201,4074,164475,14,3,1,2032
1,7,524163,316,52714,subvillage,0.1,0.5,3,1500,0.58992,3.50001,-1,1188,4098,159977,18,5,1,2036
1,8,524164,316,52097,subvillage,0.1,0.5,3,1500,0.641466,3.71561,-1,1272,4575,159625,13,3,1,2031
1,9,524165,316,52255,subvillage,0.1,0.5,3,1500,0.568919,3.40115,-1,1066,3549,151482,13,3,1,2031
1,10,524166,316,52392,subvillage,0.1,0.5,3,1500,0.666285,3.57956,-1,1344,4508,155612,10,2,1,2028
1,1,424307,316,52161,subvillage,0.1,0.65,2,1500,0.601375,3.63164,-1,1100,3441,138442,7,2,1,2024
1,2,424308,316,52392,subvillage,0.1,0.65,2,1500,0.616648,3.51888,-1,1162,3704,148414,12,5,1,2029
1,3,424309,316,52506,subvillage,0.1,0.65,2,1500,0.563192,3.53928,-1,1170,3630,145124,9,3,1,2026
1,4,424310,316,52253,subvillage,0.1,0.65,2,1500,0.549828,3.4432,-1,961,2933,132630,7,2,1,2024
1,5,424311,316,52182,subvillage,0.1,0.65,2,1500,0.635739,3.6174,-1,1147,3594,140138,8,3,1,2025
1,6,424312,316,52614,subvillage,0.1,0.65,2,1500,0.622375,3.64456,-1,1183,3763,154874,13,5,1,2030
1,7,424313,316,52135,subvillage,0.1,0.65,2,1500,0.609011,3.53438,-1,1142,3624,138862,9,3,1,2026
1,8,424314,316,52175,subvillage,0.1,0.65,2,1500,0.599465,3.58244,-1,1115,3538,137679,8,3,1,2025
1,9,424315,316,52137,subvillage,0.1,0.65,2,1500,0.534555,3.48347,-1,1015,3161,135967,7,2,1,2024
1,10,424316,316,52607,subvillage,0.1,0.65,2,1500,0.588011,3.5074,-1,1130,3460,145590,8,3,1,2025
1,1,524307,316,52936,subvillage,0.1,0.65,3,1500,0.586102,3.59507,-1,1087,3350,143659,10,3,1,2028
1,2,524308,316,52452,subvillage,0.1,0.65,3,1500,0.586102,3.60305,-1,1161,3658,136884,7,2,1,2025
1,3,524309,316,52012,subvillage,0.1,0.65,3,1500,0.612829,3.55105,-1,1150,3527,133292,7,2,1,2025
1,4,524310,316,52156,subvillage,0.1,0.65,3,1500,0.568919,3.44834,-1,1180,3670,136358,9,2,1,2027
1,5,524311,316,53034,subvillage,0.1,0.65,3,1500,0.559374,3.52851,-1,1004,3048,138373,11,3,1,2029
1,6,524312,316,52446,subvillage,0.1,0.65,3,1500,0.54601,3.52506,-1,1028,3378,141661,9,2,1,2027
1,7,524313,316,52194,subvillage,0.1,0.65,3,1500,0.607102,3.59184,-1,1027,3207,132971,7,2,1,2025
1,8,524314,316,52721,subvillage,0.1,0.65,3,1500,0.614738,3.58977,-1,1251,3842,139293,7,2,1,2025
1,9,524315,316,52300,subvillage,0.1,0.65,3,1500,0.544101,3.45117,-1,1009,3116,126721,6,1,1,2024
1,10,524316,316,52417,subvillage,0.1,0.65,3,1500,0.595647,3.57921,-1,1160,3644,134020,7,2,1,2025
1,1,424457,316,52259,subvillage,0.1,0.8,2,1500,0.586102,3.54587,-1,990,2919,118181,4,1,1,2021
1,2,424458,316,52445,subvillage,0.1,0.8,2,1500,0.599465,3.59117,-1,1115,3305,123471,5,2,1,2022
1,3,424459,316,52149,subvillage,0.1,0.8,2,1500,0.620466,3.59322,-1,1142,3368,136449,6,2,1,2023
1,4,424460,316,52193,subvillage,0.1,0.8,2,1500,0.568919,3.53631,-1,1074,3155,116814,4,1,1,2021
1,5,424461,316,51975,subvillage,0.1,0.8,2,1500,0.574647,3.42223,-1,1143,3442,121920,4,1,1,2021
1,6,424462,316,52335,subvillage,0.1,0.8,2,1500,0.544101,3.45532,-1,1040,3013,125273,6,2,1,2023
1,7,424463,316,52299,subvillage,0.1,0.8,2,1500,0.584192,3.59613,-1,1155,3400,129709,5,2,1,2022
1,8,424464,316,51886,subvillage,0.1,0.8,2,1500,0.620466,3.606,-1,1158,3452,100213,3,1,1,2020
1,9,424465,316,52529,subvillage,0.1,0.8,2,1500,0.565101,3.53715,-1,1068,3141,125266,5,2,1,2022
1,10,424466,316,52636,subvillage,0.1,0.8,2,1500,0.61092,3.49779,-1,1063,3129,131515,6,2,1,2023
1,1,524457,316,52232,subvillage,0.1,0.8,3,1500,0.614738,3.61496,-1,1245,3821,117264,4,1,1,2022
1,2,524458,316,52499,subvillage,0.1,0.8,3,1500,0.580374,3.56884,-1,1105,3318,130467,6,2,1,2024
1,3,524459,316,52027,subvillage,0.1,0.8,3,1500,0.572738,3.53308,-1,1016,2928,125698,5,1,1,2023
1,4,524460,316,51625,subvillage,0.1,0.8,3,1500,0.580374,3.59733,-1,997,2951,118909,5,1,1,2023
1,5,524461,316,52213,subvillage,0.1,0.8,3,1500,0.549828,3.5592,-1,1049,3110,129031,5,1,1,2023
1,6,524462,316,52180,subvillage,0.1,0.8,3,1500,0.574647,3.43346,-1,1143,3338,112844,4,1,1,2022
1,7,524463,316,52216,subvillage,0.1,0.8,3,1500,0.628102,3.49936,-1,1119,3273,126131,5,1,1,2023
1,8,524464,316,52361,subvillage,0.1,0.8,3,1500,0.618557,3.48392,-1,1127,3308,133199,6,2,1,2024
1,9,524465,316,52400,subvillage,0.1,0.8,3,1500,0.620466,3.69061,-1,1194,3546,130748,5,1,1,2023
1,10,524466,316,52050,subvillage,0.1,0.8,3,1500,0.584192,3.60962,-1,1115,3289,130164,5,1,1,2023
1,1,824157,316,52312,subvillage,0.5,0.5,2,1500,0.599465,3.58516,-1,1320,4753,153912,15,7,1,2032
1,2,824158,316,53054,subvillage,0.5,0.5,2,1500,0.612829,3.43249,-1,1332,5088,145283,17,8,1,2034
1,3,824159,316,52490,subvillage,0.5,0.5,2,1500,0.597556,3.64197,-1,1370,5114,140340,13,6,1,2030
1,4,824160,316,52736,subvillage,0.5,0.5,2,1500,0.580374,3.51353,-1,1256,4656,141791,12,5,1,2029
1,5,824161,316,53277,subvillage,0.5,0.5,2,1500,0.580374,3.64085,-1,1231,4580,138656,18,8,1,2035
1,6,824162,316,53335,subvillage,0.5,0.5,2,1500,0.572738,3.42288,-1,1294,4867,152844,18,8,1,2035
1,7,824163,316,52680,subvillage,0.5,0.5,2,1500,0.555556,3.44808,-1,1223,4431,144639,15,7,1,2032
1,8,824164,316,52353,subvillage,0.5,0.5,2,1500,0.597556,3.51989,-1,1352,4657,143919,10,4,1,2027
1,9,824165,316,52861,subvillage,0.5,0.5,2,1500,0.563192,3.36347,-1,1125,4020,124862,10,4,1,2027
1,10,824166,316,52482,subvillage,0.5,0.5,2,1500,0.597556,3.6112,-1,1390,5145,146400,11,5,1,2028
1,1,924157,316,52112,subvillage,0.5,0.5,3,1500,0.578465,3.51388,-1,1351,5240,153025,11,3,1,2029
1,2,924158,316,52953,subvillage,0.5,0.5,3,1500,0.599465,3.45771,-1,1357,5141,169000,16,5,1,2034
1,3,924159,316,52568,subvillage,0.5,0.5,3,1500,0.597556,3.50525,-1,1323,5096,157383,13,4,1,2031
1,4,924160,316,52408,subvillage,0.5,0.5,3,1500,0.597556,3.44327,-1,1420,5370,157062,11,3,1,2029
1,5,924161,316,53035,subvillage,0.5,0.5,3,1500,0.639557,3.63414,-1,1440,5508,175080,17,5,1,2035
1,6,924162,316,53397,subvillage,0.5,0.5,3,1500,0.609011,3.55252,-1,1409,5598,168899,17,5,1,2035
1,7,924163,316,52736,subvillage,0.5,0.5,3,1500,0.58992,3.68615,-1,1269,4769,148999,13,4,1,2031
1,8,924164,316,52261,subvillage,0.5,0.5,3,1500,0.664376,3.60942,-1,1404,5221,161122,11,3,1,2029
1,9,924165,316,52996,subvillage,0.5,0.5,3,1500,0.582283,3.54389,-1,1382,5257,164351,14,4,1,2032
1,10,924166,316,52340,subvillage,0.5,0.5,3,1500,0.603284,3.47488,-1,1288,5159,149364,11,3,1,2029
1,1,824307,316,52360,subvillage,0.5,0.65,2,1500,0.597556,3.6004,-1,1124,3869,112740,6,3,1,2023
1,2,824308,316,52567,subvillage,0.5,0.65,2,1500,0.647194,3.63918,-1,1250,4040,127043,6,2,1,2023
1,3,824309,316,52292,subvillage,0.5,0.65,2,1500,0.624284,3.54929,-1,1283,4442,149755,9,4,1,2026
1,4,824310,316,52233,subvillage,0.5,0.65,2,1500,0.601375,3.52491,-1,1206,4042,137944,10,5,1,2027
1,5,824311,316,52292,subvillage,0.5,0.65,2,1500,0.565101,3.6373,-1,1106,3614,134859,8,3,1,2025
1,6,824312,316,52581,subvillage,0.5,0.65,2,1500,0.56701,3.66436,-1,1227,3910,128006,6,2,1,2023
1,7,824313,316,52395,subvillage,0.5,0.65,2,1500,0.580374,3.54535,-1,1192,3882,131849,7,3,1,2024
1,8,824314,316,52191,subvillage,0.5,0.65,2,1500,0.599465,3.62809,-1,1077,3540,125333,9,4,1,2026
1,9,824315,316,51871,subvillage,0.5,0.65,2,1500,0.607102,3.52285,-1,1234,3935,147113,11,5,1,2028
1,10,824316,316,52288,subvillage,0.5,0.65,2,1500,0.565101,3.55099,-1,1069,3458,126153,7,3,1,2024
1,1,924307,316,52348,subvillage,0.5,0.65,3,1500,0.54601,3.54671,-1,1132,3967,140404,7,2,1,2025
1,2,924308,316,52313,subvillage,0.5,0.65,3,1500,0.586102,3.59032,-1,1188,4049,138301,8,2,1,2026
1,3,924309,316,52247,subvillage,0.5,0.65,3,1500,0.593738,3.45461,-1,1142,3737,136854,9,3,1,2027
1,4,924310,316,52171,subvillage,0.5,0.65,3,1500,0.631921,3.48255,-1,1166,3671,134138,7,2,1,2025
1,5,924311,316,52345,subvillage,0.5,0.65,3,1500,0.565101,3.40054,-1,1118,3986,130471,7,2,1,2025
1,6,924312,316,52373,subvillage,0.5,0.65,3,1500,0.607102,3.61966,-1,1256,4130,133351,7,2,1,2025
1,7,924313,316,52366,subvillage,0.5,0.65,3,1500,0.628102,3.57729,-1,1290,4268,146530,8,2,1,2026
1,8,924314,316,51997,subvillage,0.5,0.65,3,1500,0.622375,3.58169,-1,1274,4213,139689,8,2,1,2026
1,9,924315,316,52199,subvillage,0.5,0.65,3,1500,0.572738,3.5771,-1,1211,4339,145562,7,2,1,2025
1,10,924316,316,52494,subvillage,0.5,0.65,3,1500,0.652921,3.62319,-1,1259,4121,142858,8,2,1,2026
1,1,824457,316,52460,subvillage,0.5,0.8,2,1500,0.599465,3.59393,-1,1038,3232,100265,4,2,1,2021
1,2,824458,316,52253,subvillage,0.5,0.8,2,1500,0.570829,3.47267,-1,1137,3491,110517,4,2,1,2021
1,3,824459,316,52132,subvillage,0.5,0.8,2,1500,0.593738,3.68586,-1,1149,3698,109266,4,2,1,2021
1,4,824460,316,52280,subvillage,0.5,0.8,2,1500,0.572738,3.51378,-1,1051,3385,116617,5,2,1,2022
1,5,824461,316,52417,subvillage,0.5,0.8,2,1500,0.557465,3.50343,-1,1024,3141,98687,4,2,1,2021
1,6,824462,316,52156,subvillage,0.5,0.8,2,1500,0.572738,3.56501,-1,953,3016,110258,5,2,1,2022
1,7,824463,316,52302,subvillage,0.5,0.8,2,1500,0.605193,3.55044,-1,1130,3574,124234,5,2,1,2022
1,8,824464,316,52090,subvillage,0.5,0.8,2,1500,0.620466,3.4312,-1,1061,3376,108893,4,2,1,2021
1,9,824465,316,52254,subvillage,0.5,0.8,2,1500,0.63383,3.66082,-1,1139,3632,112655,4,2,1,2021
1,10,824466,316,52108,subvillage,0.5,0.8,2,1500,0.607102,3.59175,-1,1109,3455,110231,4,2,1,2021
1,1,924457,316,52573,subvillage,0.5,0.8,3,1500,0.593738,3.46034,-1,1193,3830,127582,5,2,1,2023
1,2,924458,316,52300,subvillage,0.5,0.8,3,1500,0.547919,3.48461,-1,1044,3238,120319,5,2,1,2023
1,3,924459,316,52161,subvillage,0.5,0.8,3,1500,0.528828,3.52057,-1,1006,3166,116760,5,2,1,2023
1,4,924460,316,52115,subvillage,0.5,0.8,3,1500,0.63383,3.70625,-1,1217,3912,132680,5,2,1,2023
1,5,924461,316,52118,subvillage,0.5,0.8,3,1500,0.578465,3.63466,-1,1194,3899,137021,6,2,1,2024
1,6,924462,316,52486,subvillage,0.5,0.8,3,1500,0.582283,3.52678,-1,1267,4085,131645,5,2,1,2023
1,7,924463,316,52401,subvillage,0.5,0.8,3,1500,0.614738,3.5743,-1,1230,3963,136831,6,2,1,2024
1,8,924464,316,52102,subvillage,0.5,0.8,3,1500,0.639557,3.65322,-1,1281,4177,142237,6,2,1,2024
1,9,924465,316,52524,subvillage,0.5,0.8,3,1500,0.551737,3.47151,-1,1040,3325,134911,6,2,1,2024
1,10,924466,316,52536,subvillage,0.5,0.8,3,1500,0.631921,3.43748,-1,1098,3563,130695,6,2,1,2024
1,1,1324157,316,52260,subvillage,1,0.5,2,1500,0.591829,3.52036,-1,1411,5510,140221,11,5,1,2028
1,2,1324158,316,52529,subvillage,1,0.5,2,1500,0.599465,3.67116,-1,1455,5610,154984,11,5,1,2028
1,3,1324159,316,52421,subvillage,1,0.5,2,1500,0.607102,3.55797,-1,1452,5733,150042,12,6,1,2029
1,4,1324160,316,53140,subvillage,1,0.5,2,1500,0.5231,3.46032,-1,1270,4858,145641,23,12,0,2040
1,5,1324161,316,52583,subvillage,1,0.5,2,1500,0.580374,3.62118,-1,1399,5473,147539,14,7,1,2031
1,6,1324162,316,53044,subvillage,1,0.5,2,1500,0.652921,3.68465,-1,1560,5903,149532,17,8,1,2034
1,7,1324163,316,52507,subvillage,1,0.5,2,1500,0.628102,3.61049,-1,1474,5595,144384,13,6,1,2030
1,8,1324164,316,52837,subvillage,1,0.5,2,1500,0.651012,3.53756,-1,1531,5846,160064,14,7,1,2031
1,9,1324165,316,52683,subvillage,1,0.5,2,1500,0.578465,3.53553,-1,1451,5682,149263,12,6,1,2029
1,10,1324166,316,52609,subvillage,1,0.5,2,1500,0.601375,3.54304,-1,1436,5375,141293,11,5,1,2028
1,1,1424157,316,52485,subvillage,1,0.5,3,1500,0.601375,3.62164,-1,1575,6345,173736,12,4,1,2030
1,2,1424158,316,53161,subvillage,1,0.5,3,1500,0.557465,3.47971,-1,1653,6826,172536,14,5,1,2032
1,3,1424159,316,52230,subvillage,1,0.5,3,1500,0.588011,3.51618,-1,1515,6013,143393,9,3,1,2027
1,4,1424160,316,52741,subvillage,1,0.5,3,1500,0.651012,3.59005,-1,1637,6487,164859,12,4,1,2030
1,5,1424161,316,52358,subvillage,1,0.5,3,1500,0.58992,3.40284,-1,1372,5667,148926,14,5,1,2032
1,6,1424162,316,52215,subvillage,1,0.5,3,1500,0.597556,3.41213,-1,1448,5782,155545,12,4,1,2030
1,7,1424163,316,52085,subvillage,1,0.5,3,1500,0.584192,3.53916,-1,1575,6537,160525,11,4,1,2029
1,8,1424164,316,52753,subvillage,1,0.5,3,1500,0.591829,3.64829,-1,1587,6708,157549,10,3,1,2028
1,9,1424165,316,52445,subvillage,1,0.5,3,1500,0.609011,3.60673,-1,1756,7045,181185,13,4,1,2031
1,10,1424166,316,52223,subvillage,1,0.5,3,1500,0.63383,3.54585,-1,1700,6988,176496,13,4,1,2031
1,1,1324307,316,53138,subvillage,1,0.65,2,1500,0.603284,3.61245,-1,1291,4592,155227,12,6,1,2029
1,2,1324308,316,52301,subvillage,1,0.65,2,1500,0.578465,3.57464,-1,1155,4005,135526,7,3,1,2024
1,4,1324310,316,52566,subvillage,1,0.65,2,1500,0.561283,3.47094,-1,1050,3576,129735,9,4,1,2026
1,5,1324311,316,52384,subvillage,1,0.65,2,1500,0.622375,3.64745,-1,1338,4664,153703,9,4,1,2026
1,6,1324312,316,52200,subvillage,1,0.65,2,1500,0.584192,3.65329,-1,1230,4183,138358,8,4,1,2025
1,7,1324313,316,51946,subvillage,1,0.65,2,1500,0.542192,3.38896,-1,1002,3494,115301,6,3,1,2023
1,8,1324314,316,52269,subvillage,1,0.65,2,1500,0.603284,3.6388,-1,1200,4233,127218,7,3,1,2024
1,9,1324315,316,52237,subvillage,1,0.65,2,1500,0.631921,3.5715,-1,1310,4647,137023,7,3,1,2024
1,10,1324316,316,52081,subvillage,1,0.65,2,1500,0.54601,3.51998,-1,1077,3523,122292,6,3,1,2023
1,1,1424307,316,52475,subvillage,1,0.65,3,1500,0.614738,3.58426,-1,1390,5039,145645,7,2,1,2025
1,2,1424308,316,52454,subvillage,1,0.65,3,1500,0.624284,3.48624,-1,1328,4890,152585,8,3,1,2026
1,3,1424309,316,52551,subvillage,1,0.65,3,1500,0.620466,3.57369,-1,1327,4930,161063,9,3,1,2027
1,4,1424310,316,52071,subvillage,1,0.65,3,1500,0.622375,3.54214,-1,1384,5176,153525,7,2,1,2025
1,5,1424311,316,52281,subvillage,1,0.65,3,1500,0.626193,3.56685,-1,1442,5200,158694,8,3,1,2026
1,6,1424312,316,51981,subvillage,1,0.65,3,1500,0.58992,3.56117,-1,1292,4918,143969,7,2,1,2025
1,7,1424313,316,52358,subvillage,1,0.65,3,1500,0.574647,3.45844,-1,1317,4731,157846,7,2,1,2025
1,8,1424314,316,52301,subvillage,1,0.65,3,1500,0.666285,3.55659,-1,1500,5708,141665,6,2,1,2024
1,9,1424315,316,52454,subvillage,1,0.65,3,1500,0.626193,3.60414,-1,1316,4569,151691,7,2,1,2025
1,10,1424316,316,52259,subvillage,1,0.65,3,1500,0.597556,3.64234,-1,1376,5003,125580,6,2,1,2024
1,1,1324457,316,52216,subvillage,1,0.8,2,1500,0.591829,3.50451,-1,1015,3189,122313,6,3,1,2023
1,2,1324458,316,52239,subvillage,1,0.8,2,1500,0.61092,3.69988,-1,1242,3932,108524,4,2,1,2021
1,3,1324459,316,52359,subvillage,1,0.8,2,1500,0.609011,3.58324,-1,1140,3552,109300,4,2,1,2021
1,4,1324460,316,52450,subvillage,1,0.8,2,1500,0.582283,3.41241,-1,1046,3349,112693,4,2,1,2021
1,5,1324461,316,52339,subvillage,1,0.8,2,1500,0.595647,3.55795,-1,1102,3380,123008,5,2,1,2022
1,6,1324462,316,52060,subvillage,1,0.8,2,1500,0.565101,3.47236,-1,1066,3348,123626,6,3,1,2023
1,7,1324463,316,52140,subvillage,1,0.8,2,1500,0.576556,3.405,-1,1003,3183,120436,5,2,1,2022
1,8,1324464,316,52241,subvillage,1,0.8,2,1500,0.630011,3.65697,-1,1170,3663,128944,5,2,1,2022
1,9,1324465,316,52519,subvillage,1,0.8,2,1500,0.607102,3.54055,-1,1122,3555,102977,4,2,1,2021
1,10,1324466,316,51695,subvillage,1,0.8,2,1500,0.647194,3.46161,-1,1112,3430,116700,5,2,1,2022
1,1,1424457,316,52213,subvillage,1,0.8,3,1500,0.630011,3.5479,-1,1271,4233,130305,5,2,1,2023
1,2,1424458,316,52102,subvillage,1,0.8,3,1500,0.565101,3.50964,-1,1135,3598,141626,7,2,1,2025
1,3,1424459,316,52208,subvillage,1,0.8,3,1500,0.626193,3.51806,-1,1150,3759,115513,5,2,1,2023
1,4,1424460,316,52357,subvillage,1,0.8,3,1500,0.649103,3.62647,-1,1227,3998,131388,5,2,1,2023
1,5,1424461,316,52431,subvillage,1,0.8,3,1500,0.584192,3.57628,-1,1104,3575,146845,9,3,1,2027
1,6,1424462,316,51924,subvillage,1,0.8,3,1500,0.618557,3.51759,-1,1226,4026,126990,5,2,1,2023
1,7,1424463,316,52263,subvillage,1,0.8,3,1500,0.54601,3.46806,-1,1085,3451,127412,5,2,1,2023
1,8,1424464,316,51749,subvillage,1,0.8,3,1500,0.599465,3.4302,-1,1047,3407,120204,5,2,1,2023
1,9,1424465,316,52590,subvillage,1,0.8,3,1500,0.588011,3.44281,-1,1158,3698,114074,4,1,1,2022
1,10,1424466,316,52029,subvillage,1,0.8,3,1500,0.542192,3.46946,-1,1103,3460,126979,5,2,1,2023
