Group,Population,X,Y
1,51,17160.194472263276,12374.393248518929
2,54,16943.682431743306,12157.881207998842
3,73,16943.682431743306,11941.369167478755
4,11,27336.260376703634,11941.369167478755
5,11,27552.772417223605,11941.369167478755
6,12,27769.284457743575,11941.369167478755
7,22,27985.796498263546,11941.369167478755
8,59,28418.820579303603,11941.369167478755
9,43,28851.84466034366,11941.369167478755
10,51,16727.17039122322,11724.857126958668
11,136,16943.682431743306,11724.857126958668
12,55,17160.194472263276,11724.857126958668
13,17,17376.706512783247,11724.857126958668
14,22,27119.748336183548,11724.857126958668
15,28,27336.260376703634,11724.857126958668
16,31,28418.820579303603,11724.857126958668
17,41,28635.332619823574,11724.857126958668
18,46,28851.84466034366,11724.857126958668
19,42,16943.682431743306,11508.345086438581
20,43,17160.194472263276,11508.345086438581
21,58,17376.706512783247,11508.345086438581
22,53,21706.947323183354,11508.345086438581
23,25,21923.45936370344,11508.345086438581
24,70,27119.748336183548,11508.345086438581
25,20,28418.820579303603,11508.345086438581
26,109,28635.332619823574,11508.345086438581
27,162,28851.84466034366,11508.345086438581
28,19,21490.435282663384,11291.833045918494
29,90,21706.947323183354,11291.833045918494
30,24,28635.332619823574,11291.833045918494
31,77,28851.84466034366,11291.833045918494
32,10,19758.338958503387,11075.321005398408
33,18,21490.435282663384,11075.321005398408
34,78,21706.947323183354,11075.321005398408
35,20,21923.45936370344,11075.321005398408
36,70,25387.65201202355,11075.321005398408
37,25,25604.16405254352,11075.321005398408
38,53,29068.35670086363,11075.321005398408
39,75,19325.31487746333,10858.80896487832
40,102,19541.8269179833,10858.80896487832
41,60,19758.338958503387,10858.80896487832
42,37,21057.411201623443,10858.80896487832
43,16,21706.947323183354,10858.80896487832
44,18,21923.45936370344,10858.80896487832
45,34,22139.97140422341,10858.80896487832
46,27,22356.483444743382,10858.80896487832
47,44,23222.531606823497,10858.80896487832
48,87,24521.603849943553,10858.80896487832
49,33,25387.65201202355,10858.80896487832
50,36,25604.16405254352,10858.80896487832
51,11,25820.676093063492,10858.80896487832
52,22,26686.724255143607,10858.80896487832
53,42,29068.35670086363,10858.80896487832
54,24,29284.8687413836,10858.80896487832
55,68,19325.31487746333,10642.296924358234
56,93,19541.8269179833,10642.296924358234
57,34,23006.01956630341,10642.296924358234
58,45,24521.603849943553,10642.296924358234
59,15,26037.18813358358,10642.296924358234
60,88,26686.724255143607,10642.296924358234
61,45,26903.236295663577,10642.296924358234
62,24,28851.84466034366,10642.296924358234
63,95,29068.35670086363,10642.296924358234
64,14,19325.31487746333,10425.784883838147
65,69,19541.8269179833,10425.784883838147
66,15,19758.338958503387,10425.784883838147
67,30,24088.579768903495,10425.784883838147
68,12,26037.18813358358,10425.784883838147
69,66,26253.70017410355,10425.784883838147
70,53,26470.21221462352,10425.784883838147
71,123,26686.724255143607,10425.784883838147
72,29,26903.236295663577,10425.784883838147
73,85,28635.332619823574,10425.784883838147
74,124,28851.84466034366,10425.784883838147
75,47,29068.35670086363,10425.784883838147
76,29,19541.8269179833,10209.27284331806
77,27,19758.338958503387,10209.27284331806
78,26,24521.603849943553,10209.27284331806
79,50,26253.70017410355,10209.27284331806
80,95,26470.21221462352,10209.27284331806
81,87,26686.724255143607,10209.27284331806
82,59,28635.332619823574,10209.27284331806
83,121,28851.84466034366,10209.27284331806
84,15,29068.35670086363,10209.27284331806
85,18,16294.146310183278,9992.760802797973
86,46,16510.65835070325,9992.760802797973
87,21,16727.17039122322,9992.760802797973
88,29,16943.682431743306,9992.760802797973
89,25,18026.242634343274,9992.760802797973
90,31,18242.75467486336,9992.760802797973
91,91,18459.26671538333,9992.760802797973
92,21,18675.778755903302,9992.760802797973
93,27,19758.338958503387,9992.760802797973
94,18,23222.531606823497,9992.760802797973
95,42,23439.043647343467,9992.760802797973
96,52,23655.555687863438,9992.760802797973
97,39,23872.067728383525,9992.760802797973
98,19,24088.579768903495,9992.760802797973
99,17,26470.21221462352,9992.760802797973
100,35,26686.724255143607,9992.760802797973
101,50,28851.84466034366,9992.760802797973
102,10,13696.001823943167,9776.248762277886
103,22,13912.513864463137,9776.248762277886
104,33,14129.025904983224,9776.248762277886
105,51,14345.537945503194,9776.248762277886
106,29,14562.049986023165,9776.248762277886
107,21,14778.562026543252,9776.248762277886
108,13,15211.586107583193,9776.248762277886
109,44,15644.61018862325,9776.248762277886
110,81,15861.12222914322,9776.248762277886
111,18,16077.634269663191,9776.248762277886
112,39,16294.146310183278,9776.248762277886
113,42,16510.65835070325,9776.248762277886
114,16,16727.17039122322,9776.248762277886
115,38,16943.682431743306,9776.248762277886
116,11,17160.194472263276,9776.248762277886
117,49,17809.730593823304,9776.248762277886
118,151,18026.242634343274,9776.248762277886
119,181,18242.75467486336,9776.248762277886
120,162,18459.26671538333,9776.248762277886
121,18,18675.778755903302,9776.248762277886
122,26,18892.290796423273,9776.248762277886
123,14,23006.01956630341,9776.248762277886
124,108,23222.531606823497,9776.248762277886
125,120,23439.043647343467,9776.248762277886
126,70,23655.555687863438,9776.248762277886
127,47,23872.067728383525,9776.248762277886
128,43,24305.091809423466,9776.248762277886
129,31,24521.603849943553,9776.248762277886
130,16,26686.724255143607,9776.248762277886
131,34,28851.84466034366,9776.248762277886
132,101,13696.001823943167,9559.7367217578
133,147,13912.513864463137,9559.7367217578
134,119,14129.025904983224,9559.7367217578
135,157,14345.537945503194,9559.7367217578
136,81,14562.049986023165,9559.7367217578
137,92,14778.562026543252,9559.7367217578
138,116,14995.074067063222,9559.7367217578
139,154,15211.586107583193,9559.7367217578
140,133,15428.09814810328,9559.7367217578
141,180,15644.61018862325,9559.7367217578
142,79,15861.12222914322,9559.7367217578
143,12,16077.634269663191,9559.7367217578
144,20,17809.730593823304,9559.7367217578
145,63,18026.242634343274,9559.7367217578
146,155,18242.75467486336,9559.7367217578
147,99,18459.26671538333,9559.7367217578
148,34,22572.99548526347,9559.7367217578
149,28,22789.50752578344,9559.7367217578
150,46,23006.01956630341,9559.7367217578
151,11,23222.531606823497,9559.7367217578
152,20,24305.091809423466,9559.7367217578
153,13,26686.724255143607,9559.7367217578
154,17,26903.236295663577,9559.7367217578
155,18,27769.284457743575,9559.7367217578
156,63,27985.796498263546,9559.7367217578
157,27,28202.308538783633,9559.7367217578
158,69,28418.820579303603,9559.7367217578
159,39,28635.332619823574,9559.7367217578
160,166,13696.001823943167,9343.224681237713
161,135,13912.513864463137,9343.224681237713
162,74,14129.025904983224,9343.224681237713
163,79,14345.537945503194,9343.224681237713
164,14,14562.049986023165,9343.224681237713
165,11,15211.586107583193,9343.224681237713
166,34,15428.09814810328,9343.224681237713
167,18,15644.61018862325,9343.224681237713
168,100,18242.75467486336,9343.224681237713
169,33,22356.483444743382,9343.224681237713
170,68,22572.99548526347,9343.224681237713
171,10,22789.50752578344,9343.224681237713
172,15,24521.603849943553,9343.224681237713
173,35,24738.115890463523,9343.224681237713
174,22,24954.627930983494,9343.224681237713
175,15,26470.21221462352,9343.224681237713
176,61,26686.724255143607,9343.224681237713
177,130,26903.236295663577,9343.224681237713
178,36,27119.748336183548,9343.224681237713
179,28,27769.284457743575,9343.224681237713
180,27,13479.489783423196,9126.712640717626
181,191,13696.001823943167,9126.712640717626
182,146,13912.513864463137,9126.712640717626
183,71,14129.025904983224,9126.712640717626
184,101,14345.537945503194,9126.712640717626
185,124,14562.049986023165,9126.712640717626
186,61,14778.562026543252,9126.712640717626
187,23,14995.074067063222,9126.712640717626
188,76,18242.75467486336,9126.712640717626
189,18,22139.97140422341,9126.712640717626
190,64,22356.483444743382,9126.712640717626
191,122,24738.115890463523,9126.712640717626
192,110,24954.627930983494,9126.712640717626
193,31,26253.70017410355,9126.712640717626
194,70,26470.21221462352,9126.712640717626
195,96,26686.724255143607,9126.712640717626
196,18,27552.772417223605,9126.712640717626
197,46,13479.489783423196,8910.200600197539
198,178,13696.001823943167,8910.200600197539
199,94,13912.513864463137,8910.200600197539
200,58,14345.537945503194,8910.200600197539
201,97,14562.049986023165,8910.200600197539
202,15,14778.562026543252,8910.200600197539
203,85,14995.074067063222,8910.200600197539
204,53,15211.586107583193,8910.200600197539
205,17,15428.09814810328,8910.200600197539
206,25,15644.61018862325,8910.200600197539
207,125,15861.12222914322,8910.200600197539
208,120,16077.634269663191,8910.200600197539
209,50,16294.146310183278,8910.200600197539
210,65,18026.242634343274,8910.200600197539
211,167,18242.75467486336,8910.200600197539
212,20,18459.26671538333,8910.200600197539
213,16,21706.947323183354,8910.200600197539
214,86,21923.45936370344,8910.200600197539
215,75,22139.97140422341,8910.200600197539
216,11,22356.483444743382,8910.200600197539
217,75,24738.115890463523,8910.200600197539
218,69,24954.627930983494,8910.200600197539
219,23,26253.70017410355,8910.200600197539
220,24,26470.21221462352,8910.200600197539
221,40,13262.97774290311,8693.688559677452
222,111,13479.489783423196,8693.688559677452
223,160,13696.001823943167,8693.688559677452
224,30,13912.513864463137,8693.688559677452
225,25,14995.074067063222,8693.688559677452
226,209,15211.586107583193,8693.688559677452
227,169,15428.09814810328,8693.688559677452
228,160,15644.61018862325,8693.688559677452
229,107,15861.12222914322,8693.688559677452
230,169,16077.634269663191,8693.688559677452
231,50,16294.146310183278,8693.688559677452
232,155,18242.75467486336,8693.688559677452
233,35,21057.411201623443,8693.688559677452
234,62,21923.45936370344,8693.688559677452
235,44,22139.97140422341,8693.688559677452
236,24,24738.115890463523,8693.688559677452
237,22,25604.16405254352,8693.688559677452
238,11,26037.18813358358,8693.688559677452
239,67,13262.97774290311,8477.176519157365
240,82,13479.489783423196,8477.176519157365
241,70,13696.001823943167,8477.176519157365
242,121,13912.513864463137,8477.176519157365
243,28,14995.074067063222,8477.176519157365
244,129,15211.586107583193,8477.176519157365
245,187,15428.09814810328,8477.176519157365
246,60,15644.61018862325,8477.176519157365
247,104,15861.12222914322,8477.176519157365
248,136,16077.634269663191,8477.176519157365
249,35,16294.146310183278,8477.176519157365
250,54,18242.75467486336,8477.176519157365
251,25,19541.8269179833,8477.176519157365
252,29,21057.411201623443,8477.176519157365
253,15,21273.923242143414,8477.176519157365
254,12,21490.435282663384,8477.176519157365
255,47,21706.947323183354,8477.176519157365
256,18,21923.45936370344,8477.176519157365
257,23,24954.627930983494,8477.176519157365
258,11,25171.139971503464,8477.176519157365
259,20,25604.16405254352,8477.176519157365
260,30,29501.38078190369,8477.176519157365
261,16,13046.465702383139,8260.664478637278
262,69,13262.97774290311,8260.664478637278
263,52,13479.489783423196,8260.664478637278
264,22,15428.09814810328,8260.664478637278
265,146,15861.12222914322,8260.664478637278
266,145,16077.634269663191,8260.664478637278
267,111,16294.146310183278,8260.664478637278
268,15,16510.65835070325,8260.664478637278
269,47,18242.75467486336,8260.664478637278
270,55,19541.8269179833,8260.664478637278
271,20,25171.139971503464,8260.664478637278
272,31,29284.8687413836,8260.664478637278
273,103,29501.38078190369,8260.664478637278
274,99,12180.41754030314,8044.152438119054
275,18,12396.92958082311,8044.152438119054
276,14,13046.465702383139,8044.152438119054
277,64,13262.97774290311,8044.152438119054
278,57,13479.489783423196,8044.152438119054
279,76,16294.146310183278,8044.152438119054
280,95,16510.65835070325,8044.152438119054
281,37,16727.17039122322,8044.152438119054
282,34,16943.682431743306,8044.152438119054
283,36,18242.75467486336,8044.152438119054
284,131,19325.31487746333,8044.152438119054
285,11,19541.8269179833,8044.152438119054
286,63,29284.8687413836,8044.152438119054
287,169,29501.38078190369,8044.152438119054
288,40,29717.89282242366,8044.152438119054
289,15,11530.881418743113,7827.640397598967
290,124,12180.41754030314,7827.640397598967
291,67,12396.92958082311,7827.640397598967
292,29,13262.97774290311,7827.640397598967
293,41,16294.146310183278,7827.640397598967
294,50,16510.65835070325,7827.640397598967
295,23,16727.17039122322,7827.640397598967
296,13,16943.682431743306,7827.640397598967
297,17,19108.80283694336,7827.640397598967
298,139,19325.31487746333,7827.640397598967
299,39,19541.8269179833,7827.640397598967
300,10,19758.338958503387,7827.640397598967
301,49,19974.850999023358,7827.640397598967
302,23,29284.8687413836,7827.640397598967
303,80,29501.38078190369,7827.640397598967
304,25,29717.89282242366,7827.640397598967
305,78,11530.881418743113,7611.12835707888
306,90,11747.393459263083,7611.12835707888
307,57,11963.90549978317,7611.12835707888
308,15,12180.41754030314,7611.12835707888
309,54,12396.92958082311,7611.12835707888
310,43,12613.441621343081,7611.12835707888
311,45,15211.586107583193,7611.12835707888
312,42,15428.09814810328,7611.12835707888
313,36,15644.61018862325,7611.12835707888
314,54,15861.12222914322,7611.12835707888
315,70,16077.634269663191,7611.12835707888
316,88,16510.65835070325,7611.12835707888
317,19,16727.17039122322,7611.12835707888
318,21,18242.75467486336,7611.12835707888
319,64,18459.26671538333,7611.12835707888
320,64,18675.778755903302,7611.12835707888
321,58,18892.290796423273,7611.12835707888
322,39,19108.80283694336,7611.12835707888
323,46,19325.31487746333,7611.12835707888
324,23,19541.8269179833,7611.12835707888
325,63,19758.338958503387,7611.12835707888
326,16,19974.850999023358,7611.12835707888
327,33,29717.89282242366,7611.12835707888
328,24,29934.40486294363,7611.12835707888
329,37,11530.881418743113,7394.616316558793
330,69,11747.393459263083,7394.616316558793
331,132,15428.09814810328,7394.616316558793
332,176,15644.61018862325,7394.616316558793
333,238,15861.12222914322,7394.616316558793
334,195,16077.634269663191,7394.616316558793
335,15,16294.146310183278,7394.616316558793
336,58,11530.881418743113,7178.104276038706
337,23,15644.61018862325,7178.104276038706
338,64,15861.12222914322,7178.104276038706
339,104,16077.634269663191,7178.104276038706
340,47,16294.146310183278,7178.104276038706
341,37,16294.146310183278,6961.592235518619
342,30,16510.65835070325,6961.592235518619
343,11,15861.12222914322,6745.0801949985325
344,92,16727.17039122322,6745.0801949985325
345,32,2437.3757169028395,6528.568154478446
346,20,2653.88775742281,6528.568154478446
347,118,15861.12222914322,6528.568154478446
348,106,16077.634269663191,6528.568154478446
349,24,16510.65835070325,6528.568154478446
350,27,16727.17039122322,6528.568154478446
351,22,2437.3757169028395,6312.056113958359
352,38,15428.09814810328,6312.056113958359
353,59,15861.12222914322,6312.056113958359
354,37,16077.634269663191,6312.056113958359
355,11,16510.65835070325,6312.056113958359
356,68,15428.09814810328,6095.544073438272
357,51,1787.8395953428117,5879.032032918185
358,28,13262.97774290311,5879.032032918185
359,18,15211.586107583193,5879.032032918185
360,18,15428.09814810328,5879.032032918185
361,36,13046.465702383139,5662.519992398098
362,45,13262.97774290311,5662.519992398098
363,46,14995.074067063222,5662.519992398098
364,15,15211.586107583193,5662.519992398098
365,39,705.2793927427847,5446.007951878011
366,40,921.7914332627552,5446.007951878011
367,13,12829.953661863168,5446.007951878011
368,101,13046.465702383139,5446.007951878011
369,71,13262.97774290311,5446.007951878011
370,16,13479.489783423196,5446.007951878011
371,41,13696.001823943167,5446.007951878011
372,37,14778.562026543252,5446.007951878011
373,22,272.25531170278555,5229.495911357924
374,12,488.767352222756,5229.495911357924
375,21,705.2793927427847,5229.495911357924
376,28,1138.3034737827838,5229.495911357924
377,44,6118.0804057429195,5229.495911357924
378,32,10881.345297183085,5229.495911357924
379,14,11314.369378223142,5229.495911357924
380,22,11530.881418743113,5229.495911357924
381,14,12396.92958082311,5229.495911357924
382,60,12829.953661863168,5229.495911357924
383,134,13046.465702383139,5229.495911357924
384,167,13262.97774290311,5229.495911357924
385,115,13479.489783423196,5229.495911357924
386,164,13696.001823943167,5229.495911357924
387,79,13912.513864463137,5229.495911357924
388,54,14345.537945503194,5229.495911357924
389,86,14562.049986023165,5229.495911357924
390,22,14778.562026543252,5229.495911357924
391,34,272.25531170278555,5012.9838708378375
392,11,488.767352222756,5012.9838708378375
393,18,705.2793927427847,5012.9838708378375
394,23,10664.833256663114,5012.9838708378375
395,22,10881.345297183085,5012.9838708378375
396,50,11530.881418743113,5012.9838708378375
397,10,11747.393459263083,5012.9838708378375
398,16,12180.41754030314,5012.9838708378375
399,115,12396.92958082311,5012.9838708378375
400,82,12613.441621343081,5012.9838708378375
401,115,12829.953661863168,5012.9838708378375
402,118,13046.465702383139,5012.9838708378375
403,91,13262.97774290311,5012.9838708378375
404,74,13479.489783423196,5012.9838708378375
405,32,13696.001823943167,5012.9838708378375
406,58,13912.513864463137,5012.9838708378375
407,34,14129.025904983224,5012.9838708378375
408,139,14345.537945503194,5012.9838708378375
409,74,14562.049986023165,5012.9838708378375
410,67,6551.104486782977,4796.471830317751
411,51,6767.616527302947,4796.471830317751
412,38,6984.128567822918,4796.471830317751
413,26,7200.640608343005,4796.471830317751
414,27,7633.664689382946,4796.471830317751
415,54,7850.1767299030325,4796.471830317751
416,44,10664.833256663114,4796.471830317751
417,46,11530.881418743113,4796.471830317751
418,75,11747.393459263083,4796.471830317751
419,41,11963.90549978317,4796.471830317751
420,110,12180.41754030314,4796.471830317751
421,180,12396.92958082311,4796.471830317751
422,198,12613.441621343081,4796.471830317751
423,63,12829.953661863168,4796.471830317751
424,13,13046.465702383139,4796.471830317751
425,23,13262.97774290311,4796.471830317751
426,21,13479.489783423196,4796.471830317751
427,30,14129.025904983224,4796.471830317751
428,147,14345.537945503194,4796.471830317751
429,16,14562.049986023165,4796.471830317751
430,20,-160.7687693372718,4579.959789797664
431,28,55.74327118275687,4579.959789797664
432,51,6551.104486782977,4579.959789797664
433,70,6767.616527302947,4579.959789797664
434,62,6984.128567822918,4579.959789797664
435,24,7200.640608343005,4579.959789797664
436,20,7417.152648862975,4579.959789797664
437,37,7633.664689382946,4579.959789797664
438,27,8716.22489198303,4579.959789797664
439,16,8932.736932503001,4579.959789797664
440,47,10448.321216143027,4579.959789797664
441,14,10664.833256663114,4579.959789797664
442,50,11530.881418743113,4579.959789797664
443,100,11747.393459263083,4579.959789797664
444,64,11963.90549978317,4579.959789797664
445,98,12180.41754030314,4579.959789797664
446,152,12396.92958082311,4579.959789797664
447,91,12613.441621343081,4579.959789797664
448,27,12829.953661863168,4579.959789797664
449,26,14129.025904983224,4579.959789797664
450,93,14345.537945503194,4579.959789797664
451,32,55.74327118275687,4363.447749277577
452,14,272.25531170278555,4363.447749277577
453,52,8066.688770423003,4363.447749277577
454,31,8283.200810942973,4363.447749277577
455,29,8499.71285146306,4363.447749277577
456,36,8716.22489198303,4363.447749277577
457,12,8932.736932503001,4363.447749277577
458,16,10015.297135103086,4363.447749277577
459,30,10231.809175623057,4363.447749277577
460,59,10448.321216143027,4363.447749277577
461,78,10664.833256663114,4363.447749277577
462,25,10881.345297183085,4363.447749277577
463,20,11097.857337703055,4363.447749277577
464,35,11314.369378223142,4363.447749277577
465,82,11530.881418743113,4363.447749277577
466,100,11747.393459263083,4363.447749277577
467,70,11963.90549978317,4363.447749277577
468,49,12180.41754030314,4363.447749277577
469,86,12396.92958082311,4363.447749277577
470,17,12613.441621343081,4363.447749277577
471,80,14129.025904983224,4363.447749277577
472,12,-160.7687693372718,4146.93570875749
473,54,55.74327118275687,4146.93570875749
474,18,272.25531170278555,4146.93570875749
475,40,7850.1767299030325,4146.93570875749
476,26,8066.688770423003,4146.93570875749
477,33,8283.200810942973,4146.93570875749
478,57,8499.71285146306,4146.93570875749
479,30,8716.22489198303,4146.93570875749
480,19,9798.785094583,4146.93570875749
481,31,10015.297135103086,4146.93570875749
482,72,10231.809175623057,4146.93570875749
483,24,10448.321216143027,4146.93570875749
484,27,10664.833256663114,4146.93570875749
485,30,10881.345297183085,4146.93570875749
486,73,11097.857337703055,4146.93570875749
487,90,11314.369378223142,4146.93570875749
488,85,11530.881418743113,4146.93570875749
489,81,11747.393459263083,4146.93570875749
490,55,11963.90549978317,4146.93570875749
491,57,12180.41754030314,4146.93570875749
492,116,12396.92958082311,4146.93570875749
493,39,12613.441621343081,4146.93570875749
494,28,14129.025904983224,4146.93570875749
495,29,55.74327118275687,3930.423668237403
496,49,8066.688770423003,3930.423668237403
497,21,8283.200810942973,3930.423668237403
498,39,8499.71285146306,3930.423668237403
499,28,8716.22489198303,3930.423668237403
500,28,8932.736932503001,3930.423668237403
501,14,9582.27305406303,3930.423668237403
502,35,9798.785094583,3930.423668237403
503,43,10015.297135103086,3930.423668237403
504,49,10231.809175623057,3930.423668237403
505,33,10448.321216143027,3930.423668237403
506,48,10881.345297183085,3930.423668237403
507,85,11097.857337703055,3930.423668237403
508,100,11314.369378223142,3930.423668237403
509,80,11530.881418743113,3930.423668237403
510,52,11747.393459263083,3930.423668237403
511,68,11963.90549978317,3930.423668237403
512,60,12180.41754030314,3930.423668237403
513,85,12396.92958082311,3930.423668237403
514,105,12613.441621343081,3930.423668237403
515,19,12829.953661863168,3930.423668237403
516,50,55.74327118275687,3713.911627717316
517,46,272.25531170278555,3713.911627717316
518,51,8283.200810942973,3713.911627717316
519,60,8499.71285146306,3713.911627717316
520,48,8716.22489198303,3713.911627717316
521,39,9149.248973023088,3713.911627717316
522,47,9365.761013543059,3713.911627717316
523,67,9582.27305406303,3713.911627717316
524,33,9798.785094583,3713.911627717316
525,32,10015.297135103086,3713.911627717316
526,16,10231.809175623057,3713.911627717316
527,25,10448.321216143027,3713.911627717316
528,31,10664.833256663114,3713.911627717316
529,55,10881.345297183085,3713.911627717316
530,93,11097.857337703055,3713.911627717316
531,102,11314.369378223142,3713.911627717316
532,108,11530.881418743113,3713.911627717316
533,86,11747.393459263083,3713.911627717316
534,70,11963.90549978317,3713.911627717316
535,71,12180.41754030314,3713.911627717316
536,108,12396.92958082311,3713.911627717316
537,132,12613.441621343081,3713.911627717316
538,42,12829.953661863168,3713.911627717316
539,66,272.25531170278555,3497.399587199092
540,27,488.767352222756,3497.399587199092
541,49,2220.863676382811,3497.399587199092
542,45,2437.3757169028395,3497.399587199092
543,32,2653.88775742281,3497.399587199092
544,40,8283.200810942973,3497.399587199092
545,53,8499.71285146306,3497.399587199092
546,40,8716.22489198303,3497.399587199092
547,39,8932.736932503001,3497.399587199092
548,60,9149.248973023088,3497.399587199092
549,96,9365.761013543059,3497.399587199092
550,74,9582.27305406303,3497.399587199092
551,63,9798.785094583,3497.399587199092
552,56,10015.297135103086,3497.399587199092
553,28,10231.809175623057,3497.399587199092
554,13,10448.321216143027,3497.399587199092
555,34,10664.833256663114,3497.399587199092
556,86,10881.345297183085,3497.399587199092
557,85,11097.857337703055,3497.399587199092
558,134,11314.369378223142,3497.399587199092
559,108,11530.881418743113,3497.399587199092
560,103,11747.393459263083,3497.399587199092
561,78,11963.90549978317,3497.399587199092
562,80,12180.41754030314,3497.399587199092
563,70,12396.92958082311,3497.399587199092
564,37,12613.441621343081,3497.399587199092
565,47,13262.97774290311,3497.399587199092
566,18,488.767352222756,3280.887546679005
567,18,705.2793927427847,3280.887546679005
568,32,2004.3516358628403,3280.887546679005
569,52,2870.3997979428386,3280.887546679005
570,56,5468.544284182892,3280.887546679005
571,42,8066.688770423003,3280.887546679005
572,37,8283.200810942973,3280.887546679005
573,32,8499.71285146306,3280.887546679005
574,56,8716.22489198303,3280.887546679005
575,10,8932.736932503001,3280.887546679005
576,30,9149.248973023088,3280.887546679005
577,78,9365.761013543059,3280.887546679005
578,39,9582.27305406303,3280.887546679005
579,63,9798.785094583,3280.887546679005
580,87,10015.297135103086,3280.887546679005
581,77,10231.809175623057,3280.887546679005
582,47,10448.321216143027,3280.887546679005
583,45,10664.833256663114,3280.887546679005
584,41,10881.345297183085,3280.887546679005
585,84,11097.857337703055,3280.887546679005
586,107,11314.369378223142,3280.887546679005
587,120,11530.881418743113,3280.887546679005
588,88,11747.393459263083,3280.887546679005
589,80,11963.90549978317,3280.887546679005
590,61,12180.41754030314,3280.887546679005
591,20,12613.441621343081,3280.887546679005
592,22,12829.953661863168,3280.887546679005
593,55,705.2793927427847,3064.375506158918
594,36,1787.8395953428117,3064.375506158918
595,27,2870.3997979428386,3064.375506158918
596,14,3303.423878982838,3064.375506158918
597,13,3519.9359195028665,3064.375506158918
598,43,3952.9600005428656,3064.375506158918
599,27,5468.544284182892,3064.375506158918
600,15,8066.688770423003,3064.375506158918
601,19,8283.200810942973,3064.375506158918
602,20,8499.71285146306,3064.375506158918
603,37,8716.22489198303,3064.375506158918
604,39,8932.736932503001,3064.375506158918
605,34,9149.248973023088,3064.375506158918
606,63,9365.761013543059,3064.375506158918
607,32,9582.27305406303,3064.375506158918
608,62,9798.785094583,3064.375506158918
609,69,10015.297135103086,3064.375506158918
610,62,10231.809175623057,3064.375506158918
611,65,10448.321216143027,3064.375506158918
612,19,10664.833256663114,3064.375506158918
613,26,10881.345297183085,3064.375506158918
614,94,11097.857337703055,3064.375506158918
615,101,11314.369378223142,3064.375506158918
616,119,11530.881418743113,3064.375506158918
617,101,11747.393459263083,3064.375506158918
618,57,11963.90549978317,3064.375506158918
619,73,12180.41754030314,3064.375506158918
620,61,12396.92958082311,3064.375506158918
621,71,12613.441621343081,3064.375506158918
622,64,12829.953661863168,3064.375506158918
623,26,1571.327554822783,2847.8634656388313
624,12,2870.3997979428386,2847.8634656388313
625,35,3303.423878982838,2847.8634656388313
626,41,3519.9359195028665,2847.8634656388313
627,45,3952.9600005428656,2847.8634656388313
628,21,4385.984081582865,2847.8634656388313
629,30,5468.544284182892,2847.8634656388313
630,36,5685.05632470292,2847.8634656388313
631,25,8499.71285146306,2847.8634656388313
632,55,8716.22489198303,2847.8634656388313
633,47,8932.736932503001,2847.8634656388313
634,48,9149.248973023088,2847.8634656388313
635,39,9365.761013543059,2847.8634656388313
636,13,9582.27305406303,2847.8634656388313
637,13,9798.785094583,2847.8634656388313
638,42,10015.297135103086,2847.8634656388313
639,77,10231.809175623057,2847.8634656388313
640,102,10448.321216143027,2847.8634656388313
641,77,10664.833256663114,2847.8634656388313
642,104,10881.345297183085,2847.8634656388313
643,110,11097.857337703055,2847.8634656388313
644,101,11314.369378223142,2847.8634656388313
645,124,11530.881418743113,2847.8634656388313
646,98,11747.393459263083,2847.8634656388313
647,19,11963.90549978317,2847.8634656388313
648,26,12180.41754030314,2847.8634656388313
649,43,12396.92958082311,2847.8634656388313
650,45,12613.441621343081,2847.8634656388313
651,28,12829.953661863168,2847.8634656388313
652,75,4385.984081582865,2631.3514251187444
653,29,4602.496122102893,2631.3514251187444
654,39,5035.520203142893,2631.3514251187444
655,33,5252.032243662921,2631.3514251187444
656,46,5468.544284182892,2631.3514251187444
657,15,5685.05632470292,2631.3514251187444
658,20,7200.640608343005,2631.3514251187444
659,29,7850.1767299030325,2631.3514251187444
660,37,8283.200810942973,2631.3514251187444
661,27,8499.71285146306,2631.3514251187444
662,59,8716.22489198303,2631.3514251187444
663,39,8932.736932503001,2631.3514251187444
664,50,9149.248973023088,2631.3514251187444
665,57,9365.761013543059,2631.3514251187444
666,14,9582.27305406303,2631.3514251187444
667,31,9798.785094583,2631.3514251187444
668,80,10015.297135103086,2631.3514251187444
669,108,10231.809175623057,2631.3514251187444
670,77,10448.321216143027,2631.3514251187444
671,82,10664.833256663114,2631.3514251187444
672,89,10881.345297183085,2631.3514251187444
673,109,11097.857337703055,2631.3514251187444
674,128,11314.369378223142,2631.3514251187444
675,131,11530.881418743113,2631.3514251187444
676,87,11747.393459263083,2631.3514251187444
677,27,11963.90549978317,2631.3514251187444
678,16,12180.41754030314,2631.3514251187444
679,61,12396.92958082311,2631.3514251187444
680,29,12613.441621343081,2631.3514251187444
681,72,4819.008162622922,2414.8393845986575
682,51,5035.520203142893,2414.8393845986575
683,31,5252.032243662921,2414.8393845986575
684,55,5468.544284182892,2414.8393845986575
685,21,5685.05632470292,2414.8393845986575
686,26,6984.128567822918,2414.8393845986575
687,34,7200.640608343005,2414.8393845986575
688,37,8283.200810942973,2414.8393845986575
689,30,8499.71285146306,2414.8393845986575
690,45,8716.22489198303,2414.8393845986575
691,63,8932.736932503001,2414.8393845986575
692,36,9149.248973023088,2414.8393845986575
693,24,9365.761013543059,2414.8393845986575
694,41,9582.27305406303,2414.8393845986575
695,68,9798.785094583,2414.8393845986575
696,93,10015.297135103086,2414.8393845986575
697,52,10231.809175623057,2414.8393845986575
698,75,10448.321216143027,2414.8393845986575
699,61,10664.833256663114,2414.8393845986575
700,87,10881.345297183085,2414.8393845986575
701,102,11097.857337703055,2414.8393845986575
702,60,11314.369378223142,2414.8393845986575
703,81,11530.881418743113,2414.8393845986575
704,71,5035.520203142893,2198.3273440785706
705,67,5252.032243662921,2198.3273440785706
706,70,5468.544284182892,2198.3273440785706
707,12,5685.05632470292,2198.3273440785706
708,45,6118.0804057429195,2198.3273440785706
709,44,6334.59244626289,2198.3273440785706
710,26,6767.616527302947,2198.3273440785706
711,79,6984.128567822918,2198.3273440785706
712,21,7200.640608343005,2198.3273440785706
713,30,7850.1767299030325,2198.3273440785706
714,30,8066.688770423003,2198.3273440785706
715,16,8283.200810942973,2198.3273440785706
716,45,8499.71285146306,2198.3273440785706
717,52,8716.22489198303,2198.3273440785706
718,18,8932.736932503001,2198.3273440785706
719,21,9149.248973023088,2198.3273440785706
720,22,9365.761013543059,2198.3273440785706
721,52,9582.27305406303,2198.3273440785706
722,76,9798.785094583,2198.3273440785706
723,98,10015.297135103086,2198.3273440785706
724,80,10231.809175623057,2198.3273440785706
725,85,10448.321216143027,2198.3273440785706
726,108,10664.833256663114,2198.3273440785706
727,124,10881.345297183085,2198.3273440785706
728,110,11097.857337703055,2198.3273440785706
729,84,11314.369378223142,2198.3273440785706
730,93,11530.881418743113,2198.3273440785706
731,38,5035.520203142893,1981.8153035584837
732,90,5252.032243662921,1981.8153035584837
733,90,5468.544284182892,1981.8153035584837
734,67,5685.05632470292,1981.8153035584837
735,34,5901.568365222949,1981.8153035584837
736,95,6118.0804057429195,1981.8153035584837
737,116,6334.59244626289,1981.8153035584837
738,122,6551.104486782977,1981.8153035584837
739,93,6767.616527302947,1981.8153035584837
740,143,6984.128567822918,1981.8153035584837
741,45,7200.640608343005,1981.8153035584837
742,30,7633.664689382946,1981.8153035584837
743,54,7850.1767299030325,1981.8153035584837
744,45,8066.688770423003,1981.8153035584837
745,82,8283.200810942973,1981.8153035584837
746,58,8499.71285146306,1981.8153035584837
747,57,8716.22489198303,1981.8153035584837
748,25,8932.736932503001,1981.8153035584837
749,31,9365.761013543059,1981.8153035584837
750,43,9582.27305406303,1981.8153035584837
751,36,9798.785094583,1981.8153035584837
752,14,10015.297135103086,1981.8153035584837
753,62,10231.809175623057,1981.8153035584837
754,121,10448.321216143027,1981.8153035584837
755,88,10664.833256663114,1981.8153035584837
756,91,10881.345297183085,1981.8153035584837
757,73,11097.857337703055,1981.8153035584837
758,95,11314.369378223142,1981.8153035584837
759,68,11530.881418743113,1981.8153035584837
760,61,5035.520203142893,1765.3032630383968
761,56,5252.032243662921,1765.3032630383968
762,82,5468.544284182892,1765.3032630383968
763,80,5685.05632470292,1765.3032630383968
764,59,5901.568365222949,1765.3032630383968
765,44,6118.0804057429195,1765.3032630383968
766,12,6334.59244626289,1765.3032630383968
767,24,6551.104486782977,1765.3032630383968
768,41,6767.616527302947,1765.3032630383968
769,59,6984.128567822918,1765.3032630383968
770,59,7200.640608343005,1765.3032630383968
771,22,7850.1767299030325,1765.3032630383968
772,84,8283.200810942973,1765.3032630383968
773,62,8499.71285146306,1765.3032630383968
774,38,8716.22489198303,1765.3032630383968
775,25,8932.736932503001,1765.3032630383968
776,35,9149.248973023088,1765.3032630383968
777,37,9365.761013543059,1765.3032630383968
778,22,10015.297135103086,1765.3032630383968
779,61,10448.321216143027,1765.3032630383968
780,52,10664.833256663114,1765.3032630383968
781,101,10881.345297183085,1765.3032630383968
782,53,11097.857337703055,1765.3032630383968
783,36,11747.393459263083,1765.3032630383968
784,28,11963.90549978317,1765.3032630383968
785,75,5035.520203142893,1548.79122251831
786,98,5252.032243662921,1548.79122251831
787,108,5468.544284182892,1548.79122251831
788,81,5685.05632470292,1548.79122251831
789,56,5901.568365222949,1548.79122251831
790,89,6118.0804057429195,1548.79122251831
791,38,6334.59244626289,1548.79122251831
792,33,6551.104486782977,1548.79122251831
793,31,6767.616527302947,1548.79122251831
794,45,6984.128567822918,1548.79122251831
795,36,7200.640608343005,1548.79122251831
796,23,7417.152648862975,1548.79122251831
797,60,8283.200810942973,1548.79122251831
798,76,8499.71285146306,1548.79122251831
799,38,8716.22489198303,1548.79122251831
800,20,8932.736932503001,1548.79122251831
801,29,9149.248973023088,1548.79122251831
802,124,9365.761013543059,1548.79122251831
803,11,10015.297135103086,1548.79122251831
804,23,10231.809175623057,1548.79122251831
805,128,10448.321216143027,1548.79122251831
806,83,10664.833256663114,1548.79122251831
807,111,10881.345297183085,1548.79122251831
808,76,11097.857337703055,1548.79122251831
809,56,11530.881418743113,1548.79122251831
810,66,11747.393459263083,1548.79122251831
811,17,11963.90549978317,1548.79122251831
812,62,5035.520203142893,1332.279181998223
813,86,5252.032243662921,1332.279181998223
814,64,5468.544284182892,1332.279181998223
815,30,5685.05632470292,1332.279181998223
816,57,5901.568365222949,1332.279181998223
817,74,6118.0804057429195,1332.279181998223
818,61,6334.59244626289,1332.279181998223
819,63,6551.104486782977,1332.279181998223
820,70,6767.616527302947,1332.279181998223
821,90,6984.128567822918,1332.279181998223
822,60,7200.640608343005,1332.279181998223
823,30,7417.152648862975,1332.279181998223
824,15,8283.200810942973,1332.279181998223
825,52,8499.71285146306,1332.279181998223
826,44,8716.22489198303,1332.279181998223
827,38,8932.736932503001,1332.279181998223
828,71,9149.248973023088,1332.279181998223
829,115,9365.761013543059,1332.279181998223
830,56,9582.27305406303,1332.279181998223
831,27,9798.785094583,1332.279181998223
832,25,10015.297135103086,1332.279181998223
833,58,10231.809175623057,1332.279181998223
834,85,10448.321216143027,1332.279181998223
835,108,10664.833256663114,1332.279181998223
836,77,10881.345297183085,1332.279181998223
837,49,11097.857337703055,1332.279181998223
838,76,11314.369378223142,1332.279181998223
839,67,11530.881418743113,1332.279181998223
840,45,11747.393459263083,1332.279181998223
841,45,5035.520203142893,1115.7671414781362
842,74,5252.032243662921,1115.7671414781362
843,61,5468.544284182892,1115.7671414781362
844,70,5685.05632470292,1115.7671414781362
845,70,5901.568365222949,1115.7671414781362
846,53,6118.0804057429195,1115.7671414781362
847,46,6334.59244626289,1115.7671414781362
848,61,6551.104486782977,1115.7671414781362
849,61,6767.616527302947,1115.7671414781362
850,52,6984.128567822918,1115.7671414781362
851,67,7200.640608343005,1115.7671414781362
852,34,7417.152648862975,1115.7671414781362
853,23,7633.664689382946,1115.7671414781362
854,50,7850.1767299030325,1115.7671414781362
855,26,8066.688770423003,1115.7671414781362
856,37,8283.200810942973,1115.7671414781362
857,48,8499.71285146306,1115.7671414781362
858,34,8716.22489198303,1115.7671414781362
859,84,8932.736932503001,1115.7671414781362
860,89,9149.248973023088,1115.7671414781362
861,126,9365.761013543059,1115.7671414781362
862,87,9582.27305406303,1115.7671414781362
863,60,9798.785094583,1115.7671414781362
864,69,10015.297135103086,1115.7671414781362
865,52,10231.809175623057,1115.7671414781362
866,24,10448.321216143027,1115.7671414781362
867,37,10664.833256663114,1115.7671414781362
868,35,10881.345297183085,1115.7671414781362
869,35,11097.857337703055,1115.7671414781362
870,30,11314.369378223142,1115.7671414781362
871,17,11530.881418743113,1115.7671414781362
872,22,11747.393459263083,1115.7671414781362
873,31,5035.520203142893,899.2551009580493
874,63,5252.032243662921,899.2551009580493
875,80,5468.544284182892,899.2551009580493
876,76,5685.05632470292,899.2551009580493
877,75,5901.568365222949,899.2551009580493
878,28,6118.0804057429195,899.2551009580493
879,38,6334.59244626289,899.2551009580493
880,50,6551.104486782977,899.2551009580493
881,45,6767.616527302947,899.2551009580493
882,31,7200.640608343005,899.2551009580493
883,36,7417.152648862975,899.2551009580493
884,64,7633.664689382946,899.2551009580493
885,101,7850.1767299030325,899.2551009580493
886,90,8066.688770423003,899.2551009580493
887,80,8283.200810942973,899.2551009580493
888,64,8499.71285146306,899.2551009580493
889,36,8716.22489198303,899.2551009580493
890,44,8932.736932503001,899.2551009580493
891,109,9149.248973023088,899.2551009580493
892,102,9365.761013543059,899.2551009580493
893,76,9582.27305406303,899.2551009580493
894,47,9798.785094583,899.2551009580493
895,97,10015.297135103086,899.2551009580493
896,28,10231.809175623057,899.2551009580493
897,58,10448.321216143027,899.2551009580493
898,24,10664.833256663114,899.2551009580493
899,51,10881.345297183085,899.2551009580493
900,22,5252.032243662921,682.7430604379624
901,46,5468.544284182892,682.7430604379624
902,68,5685.05632470292,682.7430604379624
903,75,5901.568365222949,682.7430604379624
904,39,6118.0804057429195,682.7430604379624
905,22,6334.59244626289,682.7430604379624
906,61,6551.104486782977,682.7430604379624
907,49,6767.616527302947,682.7430604379624
908,22,7200.640608343005,682.7430604379624
909,35,7417.152648862975,682.7430604379624
910,23,7850.1767299030325,682.7430604379624
911,32,8066.688770423003,682.7430604379624
912,22,8283.200810942973,682.7430604379624
913,24,8499.71285146306,682.7430604379624
914,14,8716.22489198303,682.7430604379624
915,16,8932.736932503001,682.7430604379624
916,28,9149.248973023088,682.7430604379624
917,40,9365.761013543059,682.7430604379624
918,49,9582.27305406303,682.7430604379624
919,66,9798.785094583,682.7430604379624
920,87,10015.297135103086,682.7430604379624
921,63,10231.809175623057,682.7430604379624
922,57,10448.321216143027,682.7430604379624
923,23,10664.833256663114,682.7430604379624
924,26,10881.345297183085,682.7430604379624
925,40,5252.032243662921,466.23101991787553
926,52,5468.544284182892,466.23101991787553
927,43,5685.05632470292,466.23101991787553
928,64,5901.568365222949,466.23101991787553
929,48,6118.0804057429195,466.23101991787553
930,65,6334.59244626289,466.23101991787553
931,48,6551.104486782977,466.23101991787553
932,20,6767.616527302947,466.23101991787553
933,39,7850.1767299030325,466.23101991787553
934,15,8066.688770423003,466.23101991787553
935,28,9149.248973023088,466.23101991787553
936,38,9365.761013543059,466.23101991787553
937,46,9582.27305406303,466.23101991787553
938,33,9798.785094583,466.23101991787553
939,46,10015.297135103086,466.23101991787553
940,67,10231.809175623057,466.23101991787553
941,114,10448.321216143027,466.23101991787553
942,44,10664.833256663114,466.23101991787553
943,14,10881.345297183085,466.23101991787553
944,60,5252.032243662921,249.71897939778864
945,67,5468.544284182892,249.71897939778864
946,62,5685.05632470292,249.71897939778864
947,47,5901.568365222949,249.71897939778864
948,40,6118.0804057429195,249.71897939778864
949,64,6334.59244626289,249.71897939778864
950,40,6551.104486782977,249.71897939778864
951,48,7850.1767299030325,249.71897939778864
952,17,8499.71285146306,249.71897939778864
953,20,9149.248973023088,249.71897939778864
954,29,9365.761013543059,249.71897939778864
955,24,9582.27305406303,249.71897939778864
956,29,9798.785094583,249.71897939778864
957,61,10015.297135103086,249.71897939778864
958,51,10231.809175623057,249.71897939778864
959,78,10448.321216143027,249.71897939778864
960,45,10664.833256663114,249.71897939778864
961,36,5252.032243662921,33.20693887770176
962,63,5468.544284182892,33.20693887770176
963,59,5685.05632470292,33.20693887770176
964,34,5901.568365222949,33.20693887770176
965,54,6118.0804057429195,33.20693887770176
966,41,6334.59244626289,33.20693887770176
967,21,7850.1767299030325,33.20693887770176
968,17,9365.761013543059,33.20693887770176
969,20,10015.297135103086,33.20693887770176
970,29,10231.809175623057,33.20693887770176
971,22,10448.321216143027,33.20693887770176
972,14,5468.544284182892,-183.30510164238513
973,21,5685.05632470292,-183.30510164238513
974,39,5901.568365222949,-183.30510164238513
975,47,6118.0804057429195,-183.30510164238513
976,25,6334.59244626289,-183.30510164238513
977,25,7850.1767299030325,-183.30510164238513
978,25,9365.761013543059,-183.30510164238513
979,20,10015.297135103086,-183.30510164238513
980,34,9365.761013543059,-399.817142162472
