ANT,MF,ICC,Sim,T1,W,k,ICC10
3.4985906151550323,0.1860756461983456,0.34526643914260735,1,0.004537147314689738,0.547758776027203,0.51835015472649415,0.5220410765578374
3.2806200408696773,0.1343912811355143,0.26858909110835666,1,0.004537147314689738,0.547758776027203,0.51835015472649415,0.5220410765578374
5.566456867826731,1.4476119955572009,0.4942003159936075,2,0.009747119196085445,0.013698980689371934,0.5559913148163337,0.5527287518762938
5.599021098298046,1.5554896362490267,0.4725419821747321,2,0.009747119196085445,0.013698980689371934,0.5559913148163337,0.5527287518762938
5.566041227193664,1.1787128529662116,0.3162482575077419,3,0.00426508075490985,0.6265657244077119,0.13717129449398005,0.5248619999204054
5.568681014433903,1.3917088116947838,0.3485057687718008,3,0.00426508075490985,0.6265657244077119,0.13717129449398005,0.5248619999204054
4.570180956962588,0.3737556895977501,0.3859922803205163,4,0.006725856640603902,0.5581877095864722,0.5931861442473526,0.5782352833014306
4.478526468239969,0.3509293128098483,0.3798282088184388,4,0.006725856640603902,0.5581877095864722,0.5931861442473526,0.5782352833014306
2.910131020483484,0.2029894814541428,0.2964546327566493,5,0.00268816000529036,0.19128954647766094,0.3051709819365209,0.7088330811442065
2.8019520884748848,0.24122766324618214,0.3657724576563501,5,0.00268816000529036,0.19128954647766094,0.3051709819365209,0.7088330811442065
4.820596588272418,0.9540957436935014,0.43807568078811504,6,0.005054236080330124,0.5274577649569174,0.26267821934005936,0.6207877456964579
4.876376172294918,0.7580531563924825,0.3382504001560535,6,0.005054236080330124,0.5274577649569174,0.26267821934005936,0.6207877456964579
3.274927378022832,0.35709660110644437,0.3007576269726168,7,0.0014645894813897584,0.5418984059046182,0.07508049334789221,0.34990709791441366
3.4345859108115593,0.360077555165728,0.25764800315829145,7,0.0014645894813897584,0.5418984059046182,0.07508049334789221,0.34990709791441366
2.248687033064576,0.042532731710925364,0.3701397205595378,8,0.0015706132181658294,0.021247362815647264,0.4516172518572743,0.6852445783863944
2.2192171609580797,0.04631087564603672,0.2543748119516485,8,0.0015706132181658294,0.021247362815647264,0.4516172518572743,0.6852445783863944
1.9663648124191462,0.0036961744594344852,NA,9,4.506992836821478e-4,0.4671087232322001,0.5913796748609683,0.5228175152200375
2.0085288633720393,0,NA,9,4.506992836821478e-4,0.4671087232322001,0.5913796748609683,0.5228175152200375
2.9435602711464783,0.33156498673740054,0.2917128772060238,10,0.0017494511310676662,0.13643681117772516,0.13861187741888467,0.6478546712672737
2.8914549653579678,0.29930715935334873,0.2972376983500554,10,0.0017494511310676662,0.13643681117772516,0.13861187741888467,0.6478546712672737
3.037820026287047,0.05368481460226957,0.3097278726943551,11,0.003661926335580805,0.3780865870979639,0.5974492537159112,0.3399192543242138
3.0642059323914492,0.06842222057844514,0.19437709512904705,11,0.003661926335580805,0.3780865870979639,0.5974492537159112,0.3399192543242138
5.232988165680473,1.518121301775148,0.3779803630943495,12,0.004132297714128608,0.7802223572242658,0.1360608390859921,0.7654985597179506
4.96042804592576,1.317207297588526,0.3261032429029158,12,0.004132297714128608,0.7802223572242658,0.1360608390859921,0.7654985597179506
6.71615607630233,1.7635218732110869,0.4288984953029532,13,0.007028217507030174,0.5070363854671756,0.25671389839064584,0.6362098715574604
6.726026638095062,1.5628175050338982,0.39819300468853375,13,0.007028217507030174,0.5070363854671756,0.25671389839064584,0.6362098715574604
1.9992939296530965,0,NA,14,4.919523448511232e-4,0.6971355548603917,0.4928512912530146,0.7579594220862631
1.8997761704804008,0.0036996614809744906,0.0026069231274512233,14,4.919523448511232e-4,0.6971355548603917,0.4928512912530146,0.7579594220862631
7.139684654674662,2.2522022355466724,0.43897436673873386,15,0.009509137805528162,0.17631030489516994,0.32393187591522704,0.596888707730186
7.213847631715067,2.3608955885612946,0.4602505280948538,15,0.009509137805528162,0.17631030489516994,0.32393187591522704,0.596888707730186
3.0478231154293733,0.10159410384764579,0.30690088536672067,16,0.0027204181034692953,0.4840116329198749,0.3588010789618419,0.40805310506258297
3.275995718135174,0.09412720091543317,0.2773125475372057,16,0.0027204181034692953,0.4840116329198749,0.3588010789618419,0.40805310506258297
2.6948422486470567,0.18591466332879286,0.3071095001874533,17,0.0012453427466171075,0.37486768876492965,0.10813107305235771,0.5958283415139409
2.610501334915455,0.16686443191931177,0.24438082207806944,17,0.0012453427466171075,0.37486768876492965,0.10813107305235771,0.5958283415139409
11.120806490540817,5.621669791879397,0.2718976253832665,18,0.008469434662638794,0.6944069127637517,0.07494595336000395,0.5843786274666792
11.468957871396896,5.848115299334811,0.2662229764092825,18,0.008469434662638794,0.6944069127637517,0.07494595336000395,0.5843786274666792
4.699004699004699,0.3441003441003441,0.28824575241530276,19,0.006947411751621786,0.6278216517034229,0.5176150998948004,0.4930620551940304
4.704988510859091,0.4336224149432955,0.3051471365084538,19,0.006947411751621786,0.6278216517034229,0.5176150998948004,0.4930620551940304
4.48661044533215,0.34583518271933716,0.32925560201004067,20,0.005588270300617494,0.19523281972120204,0.4756501660578033,0.36787865856167884
4.2909104337069115,0.39881095253041854,0.33127387805740516,20,0.005588270300617494,0.19523281972120204,0.4756501660578033,0.36787865856167884
3.6288682663511667,0.36787813805597663,0.3822141479923428,21,0.003505911012000752,0.12589505607871612,0.2904788058413173,0.5786662829952749
3.5240586544838255,0.39790730233586324,0.2549277245526525,21,0.003505911012000752,0.12589505607871612,0.2904788058413173,0.5786662829952749
1.8654784795148645,0,NA,22,1.0708373558554264e-4,0.27493864455894523,0.4034018549061347,0.44040832482393166
1.9514086327216333,0,NA,22,1.0708373558554264e-4,0.27493864455894523,0.4034018549061347,0.44040832482393166
2.339678432822029,0,NA,23,0.0011883255157553842,0.7321597399863475,0.4788100452354386,0.34913498943673393
2.3427339947237393,0.0074313528777914025,0.36906247466770636,23,0.0011883255157553842,0.7321597399863475,0.4788100452354386,0.34913498943673393
11.66068587917576,5.787799193518553,0.33102859425923453,24,0.00917443610920634,0.3689075236983516,0.0913787199945128,0.6097422590773529
11.718388998761622,5.722418350183908,0.339902855099583,24,0.00917443610920634,0.3689075236983516,0.0913787199945128,0.6097422590773529
3.0350524588350267,0.18254568251802408,0.2697236944189842,25,0.0018063894206958358,0.15023995918452546,0.15239602103325828,0.36372868485179877
2.9184644728801317,0.19073720857021167,0.28374187026825765,25,0.0018063894206958358,0.15023995918452546,0.15239602103325828,0.36372868485179877
5.169508785572774,0.9702086689255495,0.36860832681105044,26,0.007676620794631803,0.16006057720924732,0.4440834464876347,0.4889245191813214
5.1917897278722025,1.0346428903129934,0.449144365670601,26,0.007676620794631803,0.16006057720924732,0.4440834464876347,0.4889245191813214
4.737300220382614,0.40187417819508486,0.3069496199873056,27,0.005620313621830483,0.5547108417795634,0.38671202968948104,0.44148418871423023
4.499113475177305,0.3970892434988179,0.3112179294285335,27,0.005620313621830483,0.5547108417795634,0.38671202968948104,0.44148418871423023
2.00823988028156,0.005542520368762355,0.15208549847190417,28,3.9975442764091334e-4,0.6878414943514,0.17399009804007143,0.5637532996853549
2.0191915823793116,0.003704938683264792,0.02788646062828918,28,3.9975442764091334e-4,0.6878414943514,0.17399009804007143,0.5637532996853549
8.137492372834346,1.2554776916960968,0.35083305295646494,29,0.009962104282369301,0.5277745450327885,0.39098823945632993,0.3302864880765764
7.948458352508053,1.198343304187759,0.33146709668556373,29,0.009962104282369301,0.5277745450327885,0.39098823945632993,0.3302864880765764
4.233744124939862,0.29606602272306726,0.3663277168870199,30,0.006155819029177158,0.4167192789440998,0.5560302967378641,0.3953515101766945
4.440197424574164,0.23750324711470663,0.27864490271914744,30,0.006155819029177158,0.4167192789440998,0.5560302967378641,0.3953515101766945
3.350443822619202,0.2853807238292904,0.3419750184321673,31,0.0030909383955679804,0.0221919066775396,0.2760588671733263,0.46207289560957865
3.4365216102558405,0.268622983011912,0.3953586909366088,31,0.0030909383955679804,0.0221919066775396,0.2760588671733263,0.46207289560957865
11.246403712296983,4.1707656612529,0.3752556427927524,32,0.009855581901492792,0.5404659737872246,0.20485909406111846,0.5851986499320062
11.404401828850673,4.079743812820466,0.3386671148238631,32,0.009855581901492792,0.5404659737872246,0.20485909406111846,0.5851986499320062
2.890312546289439,0.055547326322026365,0.21863884186607035,33,0.0029077518858975715,0.47491880980858414,0.4826110880270382,0.5441620043911266
2.884901174022886,0.07058998365284588,0.2016429328774761,33,0.0029077518858975715,0.47491880980858414,0.4826110880270382,0.5441620043911266
2.6364477335800185,0.10545790934320075,0.18464278236870826,34,0.0022704696963209885,0.19248315469280264,0.38143847408220233,0.7214384594604373
2.6539809714571856,0.1279697323763423,0.2745185239649791,34,0.0022704696963209885,0.19248315469280264,0.38143847408220233,0.7214384594604373
7.3083251677790315,2.8453105067573814,0.2650413418610948,35,0.004413298149119601,0.6005610773611592,0.06353419017631365,0.3233028519076745
7.742554526331329,3.0483079307672436,0.2575958597826383,35,0.004413298149119601,0.6005610773611592,0.06353419017631365,0.3233028519076745
3.3667037449017423,0.3262884686688914,0.4051272194464014,36,0.0026930055511522008,0.7389090348251814,0.16583114640854266,0.6799408425175807
3.66625930452172,0.4869829278228345,0.39288809408983577,36,0.0026930055511522008,0.7389090348251814,0.16583114640854266,0.6799408425175807
2.586985783563513,0.029502332528165507,0.28196719080824606,37,0.0018170980289476902,0.21555918288331252,0.41942617452951253,0.3804773385727979
2.562210621460589,0.03873752559443656,0.24092264817513162,37,0.0018170980289476902,0.21555918288331252,0.41942617452951253,0.3804773385727979
1.9489894128970164,0,NA,38,1.4920119453078334e-4,0.6323440703394746,0.22498706615467318,0.5705678212871093
1.9797934774533839,0,NA,38,1.4920119453078334e-4,0.6323440703394746,0.22498706615467318,0.5705678212871093
2.3537248806483846,0.03515784019836424,0.17780604235581896,39,8.333028488156835e-4,0.7728843871410827,0.16181960552662564,0.6310000372231025
2.2699942648881652,0.038850757589773,0.13729370637238347,39,8.333028488156835e-4,0.7728843871410827,0.16181960552662564,0.6310000372231025
5.73309661192484,3.534176653351087,0.16716305882154872,40,0.006061723318611842,0.4100487518334157,0.01414512504874403,0.4870665871328326
5.70840212975159,3.387566554737213,0.18003475215941167,40,0.006061723318611842,0.4100487518334157,0.01414512504874403,0.4870665871328326
2.4128389596015496,0.003689356207341819,0.28247359463973026,41,0.001161226770266697,0.33597106586256575,0.3449816934639105,0.33609415539716936
2.3285061680445356,0.00924744308198783,0.12666549242947883,41,0.001161226770266697,0.33597106586256575,0.3449816934639105,0.33609415539716936
5.006948948392476,0.3817288983600482,0.2858682754710772,42,0.006043600886377736,0.584135849191867,0.40630271866474427,0.3054361893866973
4.938248745532987,0.2721869387301646,0.320691819550773,42,0.006043600886377736,0.584135849191867,0.40630271866474427,0.3054361893866973
6.671246611459765,1.0342010471981877,0.3876004758019429,43,0.008826219862292924,0.3091176987384636,0.4557816426485269,0.4146493592176276
5.924486396446419,0.9457708680362762,0.43370898558070925,43,0.008826219862292924,0.3091176987384636,0.4557816426485269,0.4146493592176276
8.91749150539223,2.779214064115822,0.3795358925183266,44,0.008246209294351641,0.4287334280965276,0.21288935835729042,0.5306894261816983
8.283444198078344,2.5794530672579454,0.41838753774811105,44,0.008246209294351641,0.4287334280965276,0.21288935835729042,0.5306894261816983
4.070786661991844,0.5277629126607739,0.39299759717304733,45,0.005273084895871967,0.2083125142680954,0.44070538652285945,0.5982535217974179
4.059947518202313,0.5007946187677865,0.3872843896375456,45,0.005273084895871967,0.2083125142680954,0.44070538652285945,0.5982535217974179
2.835735084107643,0.03709267605111371,0.17942030116200863,46,0.002945319300663289,0.18198348103383655,0.5094919907288472,0.46280044297745737
2.904187734992869,0.07779074290159471,0.28001396109415216,46,0.002945319300663289,0.18198348103383655,0.5094919907288472,0.46280044297745737
7.079302960939231,1.5598464151222033,0.42983335908373765,47,0.008925578588740983,0.401978030524084,0.3716652111491105,0.5561885392729231
7.11058440115547,1.5609954818161618,0.39833640730639996,47,0.008925578588740983,0.401978030524084,0.3716652111491105,0.5561885392729231
4.793771433867828,1.7295393456298083,0.5450407977301738,48,0.006208326169599743,0.07586509710642049,0.24776873723042603,0.7720961457807567
4.64024254973009,1.7636619093396435,0.46713894614728374,48,0.006208326169599743,0.07586509710642049,0.24776873723042603,0.7720961457807567
6.142687981053878,2.0611308466548253,0.45505394459780224,49,0.009597600415884725,0.07285547925949556,0.38169218838959357,0.5630872502276087
6.631668769013875,1.803071900274542,0.4326286982219516,49,0.009597600415884725,0.07285547925949556,0.38169218838959357,0.5630872502276087
5.2612092265541115,1.266244585138287,0.4441688378969042,50,0.006844109740009259,0.07963296355764765,0.2903027881921688,0.5134938088494149
5.909476557600797,1.3371942897192814,0.39855592009521185,50,0.006844109740009259,0.07963296355764765,0.2903027881921688,0.5134938088494149
2.612202612202612,0.6974506974506974,0.3352134533784948,51,9.343193178853063e-4,0.1964818589548177,0.013517805042607581,0.6738198533548344
2.566044707186403,0.6133382597450582,0.36317261267774964,51,9.343193178853063e-4,0.1964818589548177,0.013517805042607581,0.6738198533548344
6.959673095057596,1.7768984708688498,0.42666999807581435,52,0.008797287929299262,0.32841331984614275,0.3545178113946935,0.6400002795318277
6.991083461020141,1.8608429175358598,0.4516134597142654,52,0.008797287929299262,0.32841331984614275,0.3545178113946935,0.6400002795318277
3.695772567841979,0.5611962340779029,0.37035085066024137,53,0.0033816434450870936,0.27202217052239264,0.23930452811190436,0.6873930210428658
3.586501778506791,0.49761329917617353,0.3565691032088061,53,0.0033816434450870936,0.27202217052239264,0.23930452811190436,0.6873930210428658
2.280064195982217,0.04058366691877732,0.11654143286709474,54,0.00175002025300735,0.039161685515574786,0.4332640867188876,0.5962085954172974
2.3490803915752,0.05562147730643726,0.086834703024789,54,0.00175002025300735,0.039161685515574786,0.4332640867188876,0.5962085954172974
2.199402676892445,0.012905128866929686,0.2101651742274988,55,0.0012329605818856045,0.7826344291651532,0.4911379947761779,0.5836392824530999
2.279249754670518,0.014812346090466406,0.2726861642415104,55,0.0012329605818856045,0.7826344291651532,0.4911379947761779,0.5836392824530999
2.3423789555354406,0.024014926200284486,0.09608038584833131,56,0.0018014533363055194,0.7530398834106271,0.5904542325074972,0.6495110573010286
2.4238508399483107,0.018460402436773122,0.16819426017919184,56,0.0018014533363055194,0.7530398834106271,0.5904542325074972,0.6495110573010286
2.082716232227488,0.01110781990521327,0.14191252961477488,57,9.30157460615214e-4,0.38787313417475955,0.4575016278122409,0.5198794867691894
2.0643942900520265,0.00370294939919646,7.373716800515979e-4,57,9.30157460615214e-4,0.38787313417475955,0.4575016278122409,0.5198794867691894
12.624824321325542,5.203787262371478,0.27743823387986083,58,0.00914409323874195,0.5330981304134269,0.12087971353739976,0.3746020830742161
12.939526989632144,5.5418219385307905,0.2609605129514429,58,0.00914409323874195,0.5330981304134269,0.12087971353739976,0.3746020830742161
2.7826601787267107,0.04255397879701752,0.2899491579818607,59,0.001657896999931563,0.714359939234999,0.23454519338333055,0.39495703008749106
2.971049412462468,0.0500426289061052,0.15013197822343366,59,0.001657896999931563,0.714359939234999,0.23454519338333055,0.39495703008749106
4.690933939091732,0.7294956322603283,0.34781111354191907,60,0.006487228493053356,0.7268490347975399,0.41199075485208936,0.670764922378376
4.90277700690089,0.8843499657730661,0.38303538454455516,60,0.006487228493053356,0.7268490347975399,0.41199075485208936,0.670764922378376
2.444395100107324,0.0314570149143259,0.3465184563816803,61,0.0020996347481207988,0.20559169341881584,0.5369858195243986,0.638322520226027
2.4549766545616243,0.037056251389609426,0.24885687326988754,61,0.0020996347481207988,0.20559169341881584,0.5369858195243986,0.638322520226027
3.6969395096574242,0.3689560388879665,0.36585052461318857,62,0.004560273592019665,0.7877442611034045,0.4418097304730732,0.6762825498745708
3.680186601010756,0.2314000629408171,0.32731546809832457,62,0.004560273592019665,0.7877442611034045,0.4418097304730732,0.6762825498745708
2.385884441814012,0.014796182584893097,0.37210443474221583,63,0.0010562022565142413,0.41171304081480775,0.328489356978281,0.383521052932455
2.463626472920393,0.016596286119972707,0.2085149107812771,63,0.0010562022565142413,0.41171304081480775,0.328489356978281,0.383521052932455
6.754026652827461,2.416918429003021,0.38002400989625923,64,0.005639823510563767,0.6263538341693575,0.12473181898803878,0.7937316913148835
7.028942705256941,2.7041494388659184,0.37929723206456745,64,0.005639823510563767,0.6263538341693575,0.12473181898803878,0.7937316913148835
4.240112575914679,0.5462153754999259,0.4209936877411909,65,0.006735668359561595,0.7598153318375325,0.5690973109431194,0.7269322056327712
4.168819664870451,0.47242932014468153,0.39097043045812513,65,0.006735668359561595,0.7598153318375325,0.5690973109431194,0.7269322056327712
4.384619648565252,0.916464958149332,0.49469618011933725,66,0.007360109747597675,0.04302221800867034,0.4835824457824111,0.6260590768932104
4.242793341453512,1.077769165467095,0.4611167824710499,66,0.007360109747597675,0.04302221800867034,0.4835824457824111,0.6260590768932104
4.528315836167382,0.8298831879343487,0.2832490009190516,67,0.0028509189591256773,0.6321333550577374,0.11468175642979456,0.47303181101815234
4.5364745850335115,0.8714757851590628,0.34376037227739875,67,0.0028509189591256773,0.6321333550577374,0.11468175642979456,0.47303181101815234
2.45081693897966,0.03519691749101553,0.2622364742714616,68,0.0014578549152318907,0.6139607169907144,0.35057008619852786,0.5667219352391927
2.2699125676999574,0.022181556036155937,0.2630154432014723,68,0.0014578549152318907,0.6139607169907144,0.35057008619852786,0.5667219352391927
2.1303768416376694,0.00555267639001999,0.0843651240715665,69,8.806068271319895e-4,0.4376947797463542,0.4759965134103025,0.755203287695135
1.9089057581929272,0.005554526939455656,0.0834504045636148,69,8.806068271319895e-4,0.4376947797463542,0.4759965134103025,0.755203287695135
11.93519152163057,5.147317217526402,0.36056123403052276,70,0.00867353820337354,0.1906717634898906,0.11580237969683833,0.35957583649823766
10.428936548505389,4.222691410156684,0.36644832329832405,70,0.00867353820337354,0.1906717634898906,0.11580237969683833,0.35957583649823766
4.245370199238532,1.534025801205042,0.2817151905855129,71,0.002245415008404833,0.07554040469983692,0.03262617926491548,0.4025234728178201
4.369283289114826,1.5566151505593797,0.27560872550226445,71,0.002245415008404833,0.07554040469983692,0.03262617926491548,0.4025234728178201
9.778754524636183,4.552338036492576,0.3811178232834566,72,0.008220368183645558,0.4247009382438369,0.09814388478266262,0.7757398730036555
9.00845760071222,4.251057200089027,0.36940863186606937,72,0.008220368183645558,0.4247009382438369,0.09814388478266262,0.7757398730036555
3.9375750300120047,0.3287468833687321,0.3004415068690823,73,0.004813541153263432,0.16776898701115264,0.44384274895752124,0.5078047674669399
3.569775407802403,0.35549630617119365,0.4657437355471038,73,0.004813541153263432,0.16776898701115264,0.44384274895752124,0.5078047674669399
2.848876029379034,0.055642109948809255,0.2001837907043246,74,0.0027421724098669045,0.5025098393955377,0.4170279413233073,0.44089915233362087
3.0276112221481974,0.053667925086979054,0.19929384406253373,74,0.0027421724098669045,0.5025098393955377,0.4170279413233073,0.44089915233362087
3.6390882853548434,0.4255161696144453,0.37380336108906476,75,0.004416499719636502,0.14593737776274204,0.39746668292746645,0.6822959633584973
3.7207411923368254,0.4323006151970293,0.3814391493778807,75,0.004416499719636502,0.14593737776274204,0.39746668292746645,0.6822959633584973
3.434429414703651,0.33678133269184507,0.3178916090164048,76,0.0033596906039900253,0.2169479529199131,0.28633828694894065,0.5766577830875337
3.584202820660131,0.24648344113122928,0.35304085783818395,76,0.0033596906039900253,0.2169479529199131,0.28633828694894065,0.5766577830875337
3.18964243498818,0.36199763593380613,0.2331940812531943,77,0.00120737225309327,0.48744528232808665,0.053914114121379274,0.346183225024983
3.4161261792452833,0.36851415094339623,0.22015013703480946,77,0.00120737225309327,0.48744528232808665,0.053914114121379274,0.346183225024983
2.0506253943510373,0.0018557695876479977,NA,78,2.7989013311852416e-4,0.04318820149245345,0.20024820694272105,0.38489694764338556
2.0741042798094567,0,NA,78,2.7989013311852416e-4,0.04318820149245345,0.20024820694272105,0.38489694764338556
7.99290177086029,2.9982624126585087,0.4684074924072532,79,0.007230460938051314,0.18196718977977885,0.164852922758881,0.5879116253195373
7.2391320447308,2.695697252462416,0.43075622446087397,79,0.007230460938051314,0.18196718977977885,0.164852922758881,0.5879116253195373
4.721435316336167,2.3644207446906997,0.3439899605337968,80,0.0034918295979268284,0.02535177871425869,0.05153456475799659,0.7146316859972176
4.093123182634786,2.2002852221584277,0.394682674738732,80,0.0034918295979268284,0.02535177871425869,0.05153456475799659,0.7146316859972176
11.433655878100323,4.91788084380677,0.3779111544135878,81,0.009428442225585688,0.31992125626272094,0.12357460362685788,0.48117341543176917
12.271930633705377,5.410939950189097,0.34842445393299043,81,0.009428442225585688,0.31992125626272094,0.12357460362685788,0.48117341543176917
9.562143756014509,3.610555925679177,0.41929507452216436,82,0.009765285018640405,0.07056453104070912,0.21235869840034502,0.3912499857321375
10.148944820194403,3.490778726392431,0.3880882232904727,82,0.009765285018640405,0.07056453104070912,0.21235869840034502,0.3912499857321375
3.0101323866577916,0.04992234302196583,0.19133617010084536,83,0.0035940752708277803,0.37871135593670474,0.5691416309288375,0.41869103128270585
3.289048208577394,0.06836785602099078,0.16188628090037518,83,0.0035940752708277803,0.37871135593670474,0.5691416309288375,0.41869103128270585
6.28456231851893,2.51530451830069,0.31349967229786957,84,0.0037453695454254905,0.5933875278161387,0.054726904761790346,0.516271743174764
6.42438409023449,2.619471653309587,0.29106724414411017,84,0.0037453695454254905,0.5933875278161387,0.054726904761790346,0.516271743174764
3.7104656523743658,0.20285846011987094,0.3507241813072305,85,0.0038643837240039877,0.18648285167022452,0.3296601328275417,0.3342558740231259
3.6276320650166234,0.2216475803472479,0.3099510576570533,85,0.0038643837240039877,0.18648285167022452,0.3296601328275417,0.3342558740231259
2.8130201590530794,0.24782689106713518,0.34261295476598613,86,0.001694810165213541,0.019500492339977627,0.14078042042263025,0.5141329665993473
3.010987789286442,0.21864403639126168,0.23523271479770314,86,0.001694810165213541,0.019500492339977627,0.14078042042263025,0.5141329665993473
12.5327486575373,5.026106022036827,0.34435142741907016,87,0.009857349926682373,0.3421085543834091,0.1484465924480211,0.5299165487807808
10.956755958969817,4.564238801564461,0.39276144136412194,87,0.009857349926682373,0.3421085543834091,0.1484465924480211,0.5299165487807808
7.184829554933546,4.582275196025729,0.14472503225568653,88,0.009885353817640245,0.4275906093741877,0.017164235604033108,0.38027667999210524
7.0512939430479555,4.615527316575457,0.15736262496668132,88,0.009885353817640245,0.4275906093741877,0.017164235604033108,0.38027667999210524
3.529695888833157,0.4644336695833101,0.41905665325448577,89,0.0037577478661228805,0.4100314195469337,0.28681533397119247,0.7255465264463978
3.689602530853979,0.5131600728356233,0.39991708481917493,89,0.0037577478661228805,0.4100314195469337,0.28681533397119247,0.7255465264463978
5.713284262180161,0.6641208699983396,0.2929539007238584,90,0.0064078389068205135,0.6927462155211748,0.3452269805286108,0.36215891973792
5.209142349938977,0.5843411368763638,0.31182245480679444,90,0.0064078389068205135,0.6927462155211748,0.3452269805286108,0.36215891973792
5.111891991862401,0.7471795820233031,0.43863181455875333,91,0.006656557446011331,0.5521625184569983,0.41280236287342653,0.5717283072461113
4.986129091917884,0.724986129091918,0.32594105482412855,91,0.006656557446011331,0.5521625184569983,0.41280236287342653,0.5717283072461113
6.683870967741935,1.2073732718894008,0.3510647396614407,92,0.008242109262933658,0.14829695142008503,0.3767934807187514,0.37912679003979366
6.910065625288844,1.4030871614751825,0.39122624052954025,92,0.008242109262933658,0.14829695142008503,0.3767934807187514,0.37912679003979366
4.001845869866175,0.352561144439317,0.3628144506062051,93,0.005436499361133173,0.5274161026120535,0.47725136497250853,0.6679573359049684
3.9679026009961262,0.387382401770891,0.3181934261698813,93,0.005436499361133173,0.5274161026120535,0.47725136497250853,0.6679573359049684
2.4917959842037933,0.06303650555277453,0.18612622190906805,94,0.0010357731639968274,0.5654663831035159,0.1135083281015354,0.5035123942956743
2.627160858255078,0.07010682065568326,0.1859121405760894,94,0.0010357731639968274,0.5654663831035159,0.1135083281015354,0.5035123942956743
8.046954432017747,1.974304464368241,0.3996721226297495,95,0.008951475336660368,0.4094606588519685,0.332750944248912,0.5076066944706702
8.52780444575733,1.984713093567683,0.38985010405990433,95,0.008951475336660368,0.4094606588519685,0.332750944248912,0.5076066944706702
2.6116774791473585,0.04448563484708063,0.26170269940032914,96,0.0012484756833135483,0.76737462943744,0.2078280723649634,0.3817057170194548
2.510816107680361,0.03143142402839921,0.1270552698692246,96,0.0012484756833135483,0.76737462943744,0.2078280723649634,0.3817057170194548
8.337044459288949,2.196986565724041,0.37867729494688,97,0.00930858585196218,0.7561704426266841,0.3081123777007159,0.584276755673244
7.677464840995955,1.912872462800104,0.37490404533577915,97,0.00930858585196218,0.7561704426266841,0.3081123777007159,0.584276755673244
8.723742016465463,2.2649241333481007,0.2682275431940537,98,0.0063093924783993605,0.6453081760145959,0.1564840807622971,0.35659876281221925
7.84722734992247,2.1394816510374364,0.310530953002228,98,0.0063093924783993605,0.6453081760145959,0.1564840807622971,0.35659876281221925
3.7284383359468682,0.333917535282723,0.3696316763814153,99,0.004195136209621172,0.14600697382573286,0.3143286823691721,0.40626064825388947
4.03121417212175,0.3809312474573764,0.34666314062918285,99,0.004195136209621172,0.14600697382573286,0.3143286823691721,0.40626064825388947
5.782275307822753,1.146501511465015,0.2697035583635075,100,0.0041598661000030466,0.7025663256025398,0.1385202459390767,0.3559023274406055
5.799190552752675,1.021973351074643,0.2740116597986522,100,0.0041598661000030466,0.7025663256025398,0.1385202459390767,0.3559023274406055
3.928763366134801,0.18346583643742703,0.27201970299686773,101,0.004841180808601345,0.334080627907247,0.5005157023312677,0.3612041906524616
3.7273046305018376,0.16069152767773037,0.2668268555897939,101,0.004841180808601345,0.334080627907247,0.5005157023312677,0.3612041906524616
7.767187557722856,1.424138313199601,0.3648323371716799,102,0.00973768216451581,0.7701936837752086,0.4284546539440211,0.450746959460752
7.596669750231268,1.22109158186864,0.3361812499389383,102,0.00973768216451581,0.7701936837752086,0.4284546539440211,0.450746959460752
2.0727212106618262,0.0037045955507807433,0.12456418825263502,103,3.6588963728981206e-4,0.19401971054172606,0.150940063923023,0.3824501329682832
2.0462633451957295,0.00741399762752076,0.18717645811387557,103,3.6588963728981206e-4,0.19401971054172606,0.150940063923023,0.3824501329682832
7.3453751341747795,1.9006551430580745,0.3849415686323709,104,0.009516732534272683,0.6742688118126041,0.37699718901780793,0.7558362895189664
7.09319787166985,1.6778212425146926,0.40013648348593783,104,0.009516732534272683,0.6742688118126041,0.37699718901780793,0.7558362895189664
3.6233492398180003,0.3329264232604594,0.33143423076738776,105,0.0027684392444406085,0.4903771546665692,0.17982519549868087,0.48368410393742234
3.6077791579376703,0.28365375702182094,0.32274690456143273,105,0.0027684392444406085,0.4903771546665692,0.17982519549868087,0.48368410393742234
6.999004094279075,1.3186529452989562,0.3543333624997228,106,0.00627924851982009,0.4798829674291558,0.233143258021166,0.43689507857760795
6.2913051504522794,1.3236108547166328,0.3907483426111702,106,0.00627924851982009,0.4798829674291558,0.233143258021166,0.43689507857760795
4.330228432024839,0.8649367930805056,0.30873093520637,107,0.002486885363997928,0.6662635190838045,0.08027682910849816,0.430503186291238
4.436588435625972,0.8958317909232251,0.26758661156149605,107,0.002486885363997928,0.6662635190838045,0.08027682910849816,0.430503186291238
12.567334925306826,6.456748301586421,0.2545951548993608,108,0.009754260186777945,0.4874417352927572,0.08284725145954368,0.5395912905537963
13.802978235967927,6.917193215829731,0.21761779881365115,108,0.009754260186777945,0.4874417352927572,0.08284725145954368,0.5395912905537963
8.00812257707218,1.7629684327118331,0.42477006538499074,109,0.009488599617879076,0.4626735240770721,0.36195048174720734,0.6482735092846886
7.124035035629454,1.8538450118764846,0.46596379901048346,109,0.009488599617879076,0.4626735240770721,0.36195048174720734,0.6482735092846886
3.3521517815826005,0.6996760758907914,0.5159180480927,110,0.005636587346068157,0.056604584626330445,0.4940509976545832,0.7455272085428377
3.5731468117390177,0.7161096924614189,0.4559715705627047,110,0.005636587346068157,0.056604584626330445,0.4940509976545832,0.7455272085428377
6.881030125260574,1.5699079454682974,0.3851535532309948,111,0.00856035590650375,0.7574904013327332,0.3476023162019629,0.5929734840147395
7.352642182503742,1.471267767036948,0.33384855357758386,111,0.00856035590650375,0.7574904013327332,0.3476023162019629,0.5929734840147395
3.5250704643228006,0.34861296543539533,0.31455860037375905,112,0.002939251135421041,0.04661232719555592,0.22933623770762643,0.42567020117756954
3.4437307392418224,0.3193108825604277,0.38316689849200447,112,0.002939251135421041,0.04661232719555592,0.22933623770762643,0.42567020117756954
5.938466667901531,0.48715431492766775,0.3368288022119187,113,0.009218263790802768,0.6700395062957466,0.5797160107923975,0.3187296790293821
5.784480841918032,0.3798265767434966,0.2596572597531488,113,0.009218263790802768,0.6700395062957466,0.5797160107923975,0.3187296790293821
10.355795547007915,5.542199866854057,0.2366780890487623,114,0.008043315700024754,0.6495824131912418,0.050841225512552754,0.5540297724395508
10.074350817489087,5.504179921580232,0.21099571709735643,114,0.008043315700024754,0.6495824131912418,0.050841225512552754,0.5540297724395508
4.8015578635014835,1.3501483679525221,0.3990512812937564,115,0.004492781980544947,0.5226170439050406,0.17550627682248726,0.7547802543021489
4.890729153127727,1.2310377481107377,0.4069235413586905,115,0.004492781980544947,0.5226170439050406,0.17550627682248726,0.7547802543021489
4.081141609135835,1.4529234300098095,0.3309687666114416,116,0.002253497603518773,0.08829324281890749,0.05263038091061619,0.4966687801543405
4.146647941459087,1.3896075097937763,0.35926051158104233,116,0.002253497603518773,0.08829324281890749,0.05263038091061619,0.4966687801543405
3.876601345964886,0.1983722353028421,0.33667300193158456,117,0.0036478626026668175,0.47979865292974755,0.3106486863887233,0.37461269328357655
3.7673068746880602,0.1848531341848901,0.279122314492646,117,0.0036478626026668175,0.47979865292974755,0.3106486863887233,0.37461269328357655
3.3200629571335987,0.20553652439588926,0.20982209635098154,118,0.004344652263374923,0.32046642626100613,0.5387942609957435,0.5711065223883272
3.3522946926602972,0.17856814123451337,0.36695578135732193,118,0.004344652263374923,0.32046642626100613,0.5387942609957435,0.5711065223883272
10.358993338267949,5.9363434492968175,0.16878079527498943,119,0.007776076394930457,0.7235563121968213,0.044491340523631975,0.3240779212927929
10.510466125963012,5.963751916788294,0.19314414437198626,119,0.007776076394930457,0.7235563121968213,0.044491340523631975,0.3240779212927929
9.370310676374146,3.6440097074788347,0.4485634869534166,120,0.009667962780440287,0.13503387330263986,0.18372808625815482,0.5522572744566745
9.821197680002955,3.8494218478702575,0.4460546210797175,120,0.009667962780440287,0.13503387330263986,0.18372808625815482,0.5522572744566745
3.3653846153846154,0.4399316899316899,0.314711123656064,121,0.0022782757724359075,0.013086593971124747,0.1552455394251906,0.4865733982546411
3.556640047323277,0.34753031647441585,0.2930524490974396,121,0.0022782757724359075,0.013086593971124747,0.1552455394251906,0.4865733982546411
5.650363053333825,2.4160554347425456,0.5583096182197076,122,0.007342279806545518,0.11587869471469162,0.1957619168279876,0.7669596687023554
5.9878582104699865,2.605502555680623,0.5317901836021238,122,0.007342279806545518,0.11587869471469162,0.1957619168279876,0.7669596687023554
2.9506685108344857,0.08667588750576302,0.14529663343048785,123,0.0015659824399567087,0.5770349891910511,0.1723695407954195,0.3326430591032273
2.7823635250690955,0.08903563280221105,0.20172877545555953,123,0.0015659824399567087,0.5770349891910511,0.1723695407954195,0.3326430591032273
2.2988081620604404,0.05350356075421571,0.2613419448337646,124,9.293887562381248e-4,0.35169242423773384,0.16891456869296503,0.6925717095040986
2.2657187701966577,0.04801034068876374,0.10877099897824735,124,9.293887562381248e-4,0.35169242423773384,0.16891456869296503,0.6925717095040986
5.603063652587745,1.078227245687091,0.3728757340568759,125,0.005922120882151916,0.6431979727431152,0.2508182661934289,0.6299284881505011
6.090201830774087,1.320162652951334,0.36269822153221337,125,0.005922120882151916,0.6431979727431152,0.2508182661934289,0.6299284881505011
7.564142822838354,1.3040988602988715,0.33777648450591885,126,0.0084793480354604309,0.6778815577270847,0.3438987803461371,0.38115834798219994
7.607747015022376,1.3165468961803428,0.28814557640723104,126,0.0084793480354604309,0.6778815577270847,0.3438987803461371,0.38115834798219994
2.3364399399677604,0.035204091085953564,0.2129404817704916,127,0.001009929110311264,0.12126385132383583,0.16674839559795018,0.39097712403704454
2.541342860299805,0.05156347832492357,0.17990577826661472,127,0.001009929110311264,0.12126385132383583,0.16674839559795018,0.39097712403704454
5.0304342195334035,0.490277700690089,0.33993802319534927,128,0.007391208670421366,0.4443346760286049,0.52020996354373,0.4799931556309053
5.066275572717484,0.6070619685887202,0.3532446165648699,128,0.007391208670421366,0.4443346760286049,0.52020996354373,0.4799931556309053
6.072702408013158,1.8184842268669958,0.4661853392295143,129,0.007942521116240974,0.5117337146868494,0.3100806480312661,0.7555869533824935
6.702714673261115,1.703360584642073,0.452576661972953,129,0.007942521116240974,0.5117337146868494,0.3100806480312661,0.7555869533824935
4.829924410849267,1.300578034682081,0.30760356505791286,130,0.002304389688492067,0.3218224875021441,0.05109427508609585,0.3422291710934759
4.376193212359363,1.0954384534114288,0.2923130422899443,130,0.002304389688492067,0.3218224875021441,0.05109427508609585,0.3422291710934759
2.068391866913124,0.014787430683918669,0.26289135448781903,131,6.059116302127063e-4,0.4802640499302472,0.2613845528983481,0.6314280622724995
2.070704261906086,0.0037076172997423207,0.0071216797429692665,131,6.059116302127063e-4,0.4802640499302472,0.2613845528983481,0.6314280622724995
3.8885396250138675,0.3106393994304944,0.28902467934737003,132,0.0046442852020290035,0.6331727343844085,0.32443384915176793,0.6157962587861395
4.021021076589997,0.55698451175959,0.3119618455452476,132,0.0046442852020290035,0.6331727343844085,0.32443384915176793,0.6157962587861395
10.149651800266705,5.6267595199288785,0.23345016201215668,133,0.007740669136415046,0.5909603244903842,0.0535033180817706,0.6147449459570806
10.608051827857473,5.669597408607126,0.25263342648334836,133,0.007740669136415046,0.5909603244903842,0.0535033180817706,0.6147449459570806
6.692366143410494,2.431565876531312,0.2674452340023047,134,0.0038115793589522384,0.5586380711283346,0.06404925725475083,0.44389906693971853
6.230702386895187,2.34252223269917,0.2766911964065909,134,0.0038115793589522384,0.5586380711283346,0.06404925725475083,0.44389906693971853
4.5334221876677585,0.3942911090131615,0.27388659863406206,135,0.0060293252263450186,0.46878993080656645,0.4804958593154184,0.48679160819217904
4.47959541519777,0.28793443954299636,0.3578579415346414,135,0.0060293252263450186,0.46878993080656645,0.4804958593154184,0.48679160819217904
1.9842222920169232,0.001847506789587452,NA,136,3.6338718970877485e-4,0.6383077541291744,0.433503464809321,0.6334810706703138
2.0196425934130855,0,NA,136,3.6338718970877485e-4,0.6383077541291744,0.433503464809321,0.6334810706703138
2.7596384430916805,0.04427227448810182,0.1932021812613333,137,0.0027222262011428948,0.19262427894069117,0.5610891585602763,0.40417682460247994
2.730679330686751,0.05008718881015101,0.3426628738017658,137,0.0027222262011428948,0.19262427894069117,0.5610891585602763,0.40417682460247994
9.009109292963025,5.7698372942988065,0.15740078590538986,138,0.009911872358450074,0.49359838186494626,0.02569607819774753,0.36869938091595456
9.225447213126884,6.015872134968644,0.12724264865307003,138,0.009911872358450074,0.49359838186494626,0.02569607819774753,0.36869938091595456
5.545067555062003,1.4917638349065334,0.4796754884831928,139,0.00872743926600259,0.2858449994250573,0.47992802660098055,0.6698645544778155
5.904585456229737,1.3635942566002779,0.4998120006859005,139,0.00872743926600259,0.2858449994250573,0.47992802660098055,0.6698645544778155
2.8797070355848193,0.08877709550935858,0.3458520601276626,140,0.002856230932310232,0.6697797956211022,0.49093456259099516,0.5643533321063716
2.8991690161745067,0.07975960825048227,0.3075112673311041,140,0.002856230932310232,0.6697797956211022,0.49093456259099516,0.5643533321063716
3.991368021100393,0.45557666414593206,0.30772725693780584,141,0.0056353036621918816,0.7515006447937653,0.40335944134247576,0.6674806459890619
4.540320340709194,0.48328858439033423,0.2946871091386803,141,0.0056353036621918816,0.7515006447937653,0.40335944134247576,0.6674806459890619
2.8978261674628745,0.1629448579787431,0.24979500588962075,142,0.0016849194491429362,0.33090252467145337,0.13549530979316318,0.6069397483122227
3.0250951694570722,0.1663155560483424,0.2834033859707006,142,0.0016849194491429362,0.33090252467145337,0.13549530979316318,0.6069397483122227
9.253520865418514,5.817081995806506,0.14520892727952867,143,0.009267858657453816,0.6752150726608782,0.028105838677383598,0.3956584461724751
9.56881275841701,6.02296219728293,0.13407440788021932,143,0.009267858657453816,0.6752150726608782,0.028105838677383598,0.3956584461724751
2.7845058703892023,0.02403623925302764,0.2677561228406849,144,0.0029119633640368424,0.6217721120753791,0.5713025401395113,0.42148694036744616
2.938286710045789,0.05932187679587713,0.20205267477292593,144,0.0029119633640368424,0.6217721120753791,0.5713025401395113,0.42148694036744616
8.727657049618037,3.0167618482533562,0.40061597021625356,145,0.008551421481812297,0.32676598037763593,0.18852964704021966,0.45521671000986264
10.477141958520656,3.3560896190634772,0.34396332928830925,145,0.008551421481812297,0.32676598037763593,0.18852964704021966,0.45521671000986264
2.310163605637988,0.020427491689724974,0.15987635635312014,146,0.0013158122970929739,0.5060991582620482,0.45588270898060956,0.6600340727453788
2.24696281525793,0.009231564565562572,0.3841850130786472,146,0.0013158122970929739,0.5060991582620482,0.45588270898060956,0.6600340727453788
5.188809897516388,1.0008309482042286,0.3916244448950006,147,0.008118170455233067,0.7115983331604986,0.532568838525172,0.7943147127790051
4.974198304460008,0.8330261702911906,0.4099772146921786,147,0.008118170455233067,0.7115983331604986,0.532568838525172,0.7943147127790051
4.7286563966160555,0.6224832834607854,0.37492639628634167,148,0.007259454079895851,0.6085497329426801,0.5013653626907607,0.5434833712513887
4.961206022741933,0.584213339230755,0.3493869570511536,148,0.007259454079895851,0.6085497329426801,0.5013653626907607,0.5434833712513887
11.248734701389527,4.457531977546701,0.3575002342933929,149,0.009135532272092699,0.49040156016208347,0.14640343069376274,0.6603056442093975
9.480144938253346,3.8342083857132296,0.3922171218645337,149,0.009135532272092699,0.49040156016208347,0.14640343069376274,0.6603056442093975
10.340037781975775,4.126384413082935,0.34810535513794755,150,0.00992118911203168,0.6048927307635752,0.1823548040980937,0.7574185520510792
10.352532732544182,4.19382836882052,0.35857919564950475,150,0.00992118911203168,0.6048927307635752,0.1823548040980937,0.7574185520510792
3.280151734910186,0.31239540332477966,0.4351284787768464,151,0.0030913285126435413,0.2980792970397729,0.3290947132934119,0.7666178714382735
2.9170448021039763,0.2778137906765692,0.45367285151137354,151,0.0030913285126435413,0.2980792970397729,0.3290947132934119,0.7666178714382735
9.341829835318526,4.933034473815831,0.26017323581419716,152,0.006737448827221375,0.4961962070336592,0.05223214214534629,0.5478701986970849
9.66244103773585,4.99889445754717,0.26131244390808694,152,0.006737448827221375,0.4961962070336592,0.05223214214534629,0.5478701986970849
7.89833136444182,2.837049616066155,0.3848787935790253,153,0.008969333080021033,0.7870085709955971,0.21409298777378663,0.73887564034344
8.772221913905693,3.068982740440646,0.34265598248546136,153,0.008969333080021033,0.7870085709955971,0.21409298777378663,0.73887564034344
2.780871760599985,0.11138338159946537,0.1734316062561832,154,0.003070250050772916,0.7191987168028331,0.44783623652531235,0.7596544775665113
2.9647999407780286,0.07772883739867491,0.316440860102964,154,0.003070250050772916,0.7191987168028331,0.44783623652531235,0.7596544775665113
4.362676316372498,0.2898604238977919,0.3461490323831144,155,0.005986075171992099,0.24664456436924392,0.4507389409057097,0.4480551770179246
4.745443117536141,0.5287092838392428,0.40609605610870725,155,0.005986075171992099,0.24664456436924392,0.4507389409057097,0.4480551770179246
4.6517642711989655,0.8571956401256235,0.31195067282975925,156,0.0035453839175030254,0.39220297112553804,0.15011506094456015,0.39226414949887967
4.832319625020926,0.8797872142551569,0.3552729416022601,156,0.0035453839175030254,0.39220297112553804,0.15011506094456015,0.39226414949887967
1.960419611636039,0,NA,157,2.2242736450044716e-4,0.6228274233518412,0.5718879375426776,0.3848537622135092
1.9943545560208844,0,NA,157,2.2242736450044716e-4,0.6228274233518412,0.5718879375426776,0.3848537622135092
6.719074458617621,2.495550281815485,0.37711718415597967,158,0.005510592920753018,0.6008933714092294,0.11113661048151902,0.6693326133818327
7.519103036133878,2.8881200392236672,0.32131678373965394,158,0.005510592920753018,0.6008933714092294,0.11113661048151902,0.6693326133818327
11.165291554649116,4.164271808658571,0.3899749308834196,159,0.009581499181909448,0.2603580872887937,0.15979515206706518,0.4438010086795804
11.506056304271677,4.500285761693184,0.37942731970845617,159,0.009581499181909448,0.2603580872887937,0.15979515206706518,0.4438010086795804
4.182053175775479,1.1724519940915805,0.5304447790701905,160,0.007553368902555839,0.11559780371476505,0.5881784026420461,0.6918649754505406
4.150852572528835,0.5887471534630552,0.47901173547695797,160,0.007553368902555839,0.11559780371476505,0.5881784026420461,0.6918649754505406
1.930672966886928,0.0018457676547676178,NA,161,4.1814525541249045e-4,0.46109133267472435,0.44698538379346947,0.5506453151894327
1.9249224863428318,0.0018455632659087555,NA,161,4.1814525541249045e-4,0.46109133267472435,0.44698538379346947,0.5506453151894327
3.01058973553383,0.1885083812304792,0.27424236651207606,162,0.002302047481952672,0.20219473923940812,0.22563263536467873,0.40972478574206017
3.0587275693311584,0.20206139700430073,0.31677258037916367,162,0.002302047481952672,0.20219473923940812,0.22563263536467873,0.40972478574206017
2.9582409460458243,0.11825572801182557,0.3245031175796723,163,0.0032580772712081842,0.07903551693060146,0.5379346185015517,0.5271063693887845
2.9895421455230773,0.09977458334873066,0.30123116130589134,163,0.0032580772712081842,0.07903551693060146,0.5379346185015517,0.5271063693887845
4.979214609160419,1.2972310890060128,0.4205888071636236,164,0.005353745676944755,0.08875520510158565,0.21339351358028383,0.5434196606351271
4.923498684844219,1.359611751194754,0.3886141029427271,164,0.005353745676944755,0.08875520510158565,0.21339351358028383,0.5434196606351271
3.958275639250439,0.1458506415582018,0.27151708274014424,165,0.004814485255957799,0.14710782640577014,0.5109413914395985,0.3414542072970595
3.7631822386679,0.1461609620721554,0.35705315903307755,165,0.004814485255957799,0.14710782640577014,0.5109413914395985,0.3414542072970595
5.527870917545062,0.8873492525147738,0.3471197751319933,166,0.008104145861152174,0.7374212653803695,0.5470849819978877,0.737006908328607
5.1257879073550345,0.8428991293739255,0.33026035928024916,166,0.008104145861152174,0.7374212653803695,0.5470849819978877,0.737006908328607
5.83179638509775,1.864625599409812,0.4877381057093355,167,0.008349480411664566,0.4326650633463481,0.3240572703522426,0.7756403846976347
6.258924763088107,1.9138401053353855,0.4367407180049441,167,0.008349480411664566,0.4326650633463481,0.3240572703522426,0.7756403846976347
13.628036933552911,6.642858464556002,0.23363560320685237,168,0.009552755634526996,0.5037003111023607,0.0989188226836536,0.45464145042128434
13.97748246585456,6.565153193060169,0.2560853425700419,168,0.009552755634526996,0.5037003111023607,0.0989188226836536,0.45464145042128434
5.715236317258461,1.0406461987763627,0.33356383193112243,169,0.0056996505394408745,0.22952847549270908,0.23361234746905238,0.34329498100684863
5.3618707300364745,0.9109255522023291,0.3850478358884051,169,0.0056996505394408745,0.22952847549270908,0.23361234746905238,0.34329498100684863
7.504447079750963,1.8733323450933888,0.4198252379797558,170,0.00954656862087694,0.2986540372762922,0.37075525136596815,0.4964851297365751
7.606768139500517,2.0744052017142014,0.4326405733789731,170,0.00954656862087694,0.2986540372762922,0.37075525136596815,0.4964851297365751
4.051231818433844,1.5765058125566007,0.5018342827864883,171,0.003798903147730012,0.09759331613299665,0.1113255149558436,0.7535399409561203
4.2165894363727,1.5193752653829824,0.47619748449347993,171,0.003798903147730012,0.09759331613299665,0.1113255149558436,0.7535399409561203
8.28051372077982,3.69768086482491,0.33283320014548795,172,0.009278237048972703,0.009360390237290685,0.1702556253418257,0.4506441407450431
8.144536319477918,3.674589343320108,0.36871846792681706,172,0.009278237048972703,0.009360390237290685,0.1702556253418257,0.4506441407450431
3.1975454679875797,0.21809847700724533,0.3356461854632478,173,0.003397359130124259,0.370897642976304,0.35515324777501533,0.7528002958238269
3.1966157807614493,0.31083318006253446,0.32293641669670475,173,0.003397359130124259,0.370897642976304,0.35515324777501533,0.7528002958238269
5.142454892371531,3.184394798266089,0.2101792945557473,174,0.007780838529210169,0.4462025174894659,0.01170797558390976,0.782190440128467
4.8764641458298525,2.9774832470160195,0.23153890961835008,174,0.007780838529210169,0.4462025174894659,0.01170797558390976,0.782190440128467
3.321429232278001,0.31826508520992547,0.3752782526920058,175,0.00327292990423027,0.0809686662725831,0.3342778612509824,0.5521705699505933
3.3648498331479417,0.28179458657767886,0.3555564205148752,175,0.00327292990423027,0.0809686662725831,0.3342778612509824,0.5521705699505933
4.017741637405286,0.9887266678987249,0.5054956148431522,176,0.0053293272523442445,0.007730412298796178,0.3209350845647272,0.7447076802605758
3.7741803735194743,1.03776036832139,0.5442716935138937,176,0.0053293272523442445,0.007730412298796178,0.3209350845647272,0.7447076802605758
2.199440477066922,0.012883751748509167,0.19758423292178878,177,0.0012867528287797674,0.6223223225779467,0.5920083970035768,0.7061555014877451
2.255722646121935,0.007407956144899621,0.008805940293443575,177,0.0012867528287797674,0.6223223225779467,0.5920083970035768,0.7061555014877451
2.0097419498772964,0.0018591507399419943,NA,178,3.6140221058662516e-4,0.25630728595701874,0.4200344025662997,0.5050706980877335
2.0284388232466117,0.0018490782345001015,NA,178,3.6140221058662516e-4,0.25630728595701874,0.4200344025662997,0.5050706980877335
2.2947173308619093,0.011121408711770158,0.07136411212916052,179,0.0016145426351169285,0.5784958950074265,0.5859829717791775,0.7788170706233827
2.2813900303069743,0.024171206515069817,0.09392383083669334,179,0.0016145426351169285,0.5784958950074265,0.5859829717791775,0.7788170706233827
6.665184691193361,1.4727131265977549,0.42377634537277636,180,0.00609927480310415,0.32412817501897473,0.24168341026877738,0.4366731074936703
6.5097312326228,1.2956441149212234,0.40189644516330164,180,0.00609927480310415,0.32412817501897473,0.24168341026877738,0.4366731074936703
5.429864253393665,0.4949672176562933,0.2828516945168503,181,0.006905969133703407,0.3718085601311598,0.47499257669049694,0.4272840723337342
4.713505507729335,0.6053873923910025,0.3632175194734938,181,0.006905969133703407,0.3718085601311598,0.47499257669049694,0.4272840723337342
7.473772166001299,3.312598644508402,0.4873274996767935,182,0.00880980296582892,0.09221691190756805,0.19397774301873769,0.655717092866347
7.358149487198407,3.1764185051280163,0.4904864952863298,182,0.00880980296582892,0.09221691190756805,0.19397774301873769,0.655717092866347
9.634779384501298,3.915461624026696,0.3457670057826034,183,0.007168883045932203,0.3050975887710924,0.10947762340571397,0.4632268815187717
9.063684259173677,3.900545336907293,0.35976058761165725,183,0.007168883045932203,0.3050975887710924,0.10947762340571397,0.4632268815187717
10.395241536494524,3.8486482480034097,0.33392888565227674,184,0.007374382338922362,0.5595215951047121,0.12154819992418067,0.5153004647191839
9.35389297112744,3.668448007125362,0.36724289064748966,184,0.007374382338922362,0.5595215951047121,0.12154819992418067,0.5153004647191839
2.460365910057902,0.4347263074162458,0.25158919227939935,185,6.106584512202437e-4,0.6116954268963657,0.010651169376318164,0.5487440949163334
2.3516133806986383,0.3977945529899348,0.2577386603262482,185,6.106584512202437e-4,0.6116954268963657,0.010651169376318164,0.5487440949163334
4.726612440014081,0.5187971317929999,0.3092045493152574,186,0.005613796454311736,0.1407730716468764,0.3688573005079102,0.3154755228941582
4.821237105778829,0.4898879727881096,0.31779863180705625,186,0.005613796454311736,0.1407730716468764,0.3688573005079102,0.3154755228941582
3.1343448886919925,0.07937386938383725,0.30167695241145454,187,0.0034759605007711296,0.34904248672557003,0.5108460373678189,0.33830903220648845
2.9944431111193164,0.0793841268669116,0.36243036843557536,187,0.0034759605007711296,0.34904248672557003,0.5108460373678189,0.33830903220648845
7.028836727521595,1.9921203040896733,0.37834416116522895,188,0.007577443426965791,0.05384038500459867,0.23736355692651584,0.33902686401679827
7.418562110825742,2.1304114853753626,0.3825559420285313,188,0.007577443426965791,0.05384038500459867,0.23736355692651584,0.33902686401679827
4.614668652271035,1.4612807148175726,0.4485252529118146,189,0.004454656275121613,0.4435488178064475,0.17139948750638714,0.7838422671051677
4.708578186790849,1.452489189488857,0.4603669352233932,189,0.004454656275121613,0.4435488178064475,0.17139948750638714,0.7838422671051677
7.050463554099817,2.1743555580229095,0.4486483152333696,190,0.007225844364840452,0.19652469979532475,0.2318372057429838,0.5810747409154535
6.436055213703643,1.9106750189404438,0.4699486451785408,190,0.007225844364840452,0.19652469979532475,0.2318372057429838,0.5810747409154535
3.551005349566501,0.32281866814240917,0.3370026295395497,191,0.00294683674884542,0.5740434581881947,0.21995985508701993,0.5223184949816779
3.77662231926429,0.41633514053623966,0.3084350044528021,191,0.00294683674884542,0.5740434581881947,0.21995985508701993,0.5223184949816779
7.2292728114867995,2.7271885132005558,0.4052578442770794,192,0.005086051832860984,0.12245438729191958,0.09031011534493975,0.4141905090193324
7.012189482640623,2.746795405360413,0.3666783663188731,192,0.005086051832860984,0.12245438729191958,0.09031011534493975,0.4141905090193324
4.43613338023736,0.46842309899835216,0.3486886866467996,193,0.006270745940114175,0.5609108941325607,0.548118710580443,0.6386210223969939
4.340370609385084,0.45173780768876187,0.34720815058872095,193,0.006270745940114175,0.5609108941325607,0.548118710580443,0.6386210223969939
8.891726345787301,4.196968855826348,0.2892401314469358,194,0.006662847622267974,0.7872780827232267,0.07687306266734308,0.6133939727409619
9.362431103828394,4.381424102487711,0.26760327467752415,194,0.006662847622267974,0.7872780827232267,0.07687306266734308,0.6133939727409619
2.955082742316785,0.15144799054373523,0.2741905354797858,195,0.0017626944549010246,0.32118720272717494,0.16256842635204846,0.34451139475181003
2.9185725661586326,0.11296505490842423,0.2803576634879072,195,0.0017626944549010246,0.32118720272717494,0.16256842635204846,0.34451139475181003
4.775732914084898,0.8693239618977158,0.3803258561358863,196,0.0047884063529755275,0.13631019842636802,0.2626050678458656,0.5888866322088101
4.410626773278308,0.8880209292899517,0.43383648907007594,196,0.0047884063529755275,0.13631019842636802,0.2626050678458656,0.5888866322088101
5.127159486913325,0.676577444946986,0.3724183352425883,197,0.007806337844514818,0.24437306794095745,0.5826737478273314,0.590237735228019
4.60144257444054,0.7083410393933789,0.4957503879248231,197,0.007806337844514818,0.24437306794095745,0.5826737478273314,0.590237735228019
4.75282708074994,0.7458681127500879,0.3936593279624655,198,0.006219753027825764,0.6247393733695592,0.40970803065674155,0.7317304302938119
4.864625272411628,1.0139253130425148,0.42338610501856555,198,0.006219753027825764,0.6247393733695592,0.40970803065674155,0.7317304302938119
6.328715947550442,1.331582548870929,0.36114285206054636,199,0.005561983752272237,0.5355331039500623,0.21865084962672013,0.5944370293391175
5.910578782919209,1.3539651837524178,0.3692914431865264,199,0.005561983752272237,0.5355331039500623,0.21865084962672013,0.5944370293391175
3.8922266726005046,0.5507343124165555,0.40821235463247457,200,0.004944033496631069,0.11624061562541131,0.35779406473999037,0.5301559435139495
4.20484776825303,0.3953591486845994,0.3500333508171632,200,0.004944033496631069,0.11624061562541131,0.35779406473999037,0.5301559435139495
8.885642429173755,2.820105037354834,0.36371226082468183,201,0.009757051544605457,0.773601021084239,0.26137815571079415,0.6941241988162122
10.385784168396087,3.287133115920546,0.3441111731783473,201,0.009757051544605457,0.773601021084239,0.26137815571079415,0.6941241988162122
2.23320486104708,0.11433418776624191,0.2359714682744171,202,6.824882379634198e-4,0.09287390283257045,0.06724804678410146,0.7058620075041655
2.2254233844903686,0.09234121927345929,0.20910682767172759,202,6.824882379634198e-4,0.09287390283257045,0.06724804678410146,0.7058620075041655
4.6767766216515385,1.6364105970039111,0.5622488124015776,203,0.009622309368904762,0.0503409659655115,0.4970144817044521,0.7050017708773652
4.95889193393082,1.5480334790015555,0.5822682117691619,203,0.009622309368904762,0.0503409659655115,0.4970144817044521,0.7050017708773652
6.124721603563475,1.159985152190052,0.33859813968288216,204,0.0075655647398991215,0.78570850142915,0.37305107366168483,0.5688326518789846
5.93786938534279,1.001034278959811,0.34332835973147413,204,0.0075655647398991215,0.78570850142915,0.37305107366168483,0.5688326518789846
7.042044823115392,4.436006667901463,0.17081130836463676,205,0.008331896570286362,0.14264171031989992,0.01890595779811014,0.35490350674836185
6.705168182740742,4.2068749192759745,0.18520119944718832,205,0.008331896570286362,0.14264171031989992,0.01890595779811014,0.35490350674836185
5.932360349681434,1.1223885020002964,0.409234844127507,206,0.007400178198990661,0.23891293855707427,0.3496424658423366,0.41117725647633646
5.858189623269928,1.0620975501443268,0.43842198817972955,206,0.007400178198990661,0.23891293855707427,0.3496424658423366,0.41117725647633646
3.6394859295368933,0.4006942905679887,0.316498900560381,207,0.0030802120502768336,0.5661367442823115,0.2180590414363613,0.6470946237667654
3.379078197824961,0.36805504179921583,0.31210993860078456,207,0.0030802120502768336,0.5661367442823115,0.2180590414363613,0.6470946237667654
9.975242036804376,5.640750868376321,0.2116628017915531,208,0.007402427636483906,0.33750362931768296,0.04159354094216985,0.38063203777919147
10.042746905013047,5.712540942652529,0.19518878735607914,208,0.007402427636483906,0.33750362931768296,0.04159354094216985,0.38063203777919147
6.954880260576673,1.3861642669430358,0.32794220176942374,209,0.0057420289642973864,0.4332910276308036,0.18547822456794577,0.3317297303350139
6.121882631539998,1.2358469621845631,0.33649073279811537,209,0.0057420289642973864,0.4332910276308036,0.18547822456794577,0.3317297303350139
4.327272050475535,0.6048874909266876,0.33051393723439737,210,0.0037888849033247823,0.4918374858568882,0.2050782747651174,0.6716468218021419
3.8434583748294053,0.774593338497289,0.3975805556677045,210,0.0037888849033247823,0.4918374858568882,0.2050782747651174,0.6716468218021419
7.74447685761534,1.841357141529943,0.34946023972576307,211,0.007227250648026387,0.5820604090272834,0.24842038245672352,0.5130594454510986
7.79935572940635,1.746893695352048,0.35606295655052744,211,0.007227250648026387,0.5820604090272834,0.24842038245672352,0.5130594454510986
4.2365368988697645,2.1201152397133782,0.28539759341054755,212,0.0031254235399160763,0.35535896371925824,0.015279123628991125,0.7226396851961163
4.392673938406267,2.1518917016981796,0.3200001249155266,212,0.0031254235399160763,0.35535896371925824,0.015279123628991125,0.7226396851961163
7.173300718997851,3.743236231561782,0.2952467360546022,213,0.005326100193855549,0.33128816636929725,0.03914854160111785,0.5828230163611443
6.909340404621061,3.5566599291634993,0.28353451146439995,213,0.005326100193855549,0.33128816636929725,0.03914854160111785,0.5828230163611443
2.2088538687235886,0.0073812994777730625,0.16870613950798805,214,0.0012643287058408306,0.18381427969629183,0.5984496211487617,0.38059981203748866
2.3208823802020575,0.003707479840578367,0.01435538894663188,214,0.0012643287058408306,0.18381427969629183,0.5984496211487617,0.38059981203748866
6.3272404351365354,2.4365425886183676,0.35986050801838315,215,0.0075092447344034235,0.028707406197474458,0.21404003078125566,0.6235650354301387
6.019083545989127,2.679462997891934,0.3749488600460602,215,0.0075092447344034235,0.028707406197474458,0.21404003078125566,0.6235650354301387
3.4979613674519863,0.2785823662896888,0.22283754117034626,216,0.0019294478630938468,0.6341015787546357,0.13345479488572976,0.36887208491689377
3.4671770192682883,0.27871197904085915,0.23273736996549257,216,0.0019294478630938468,0.6341015787546357,0.13345479488572976,0.36887208491689377
2.215225041674384,0.018521948508983144,0.09780254932746418,217,0.0010777436439345308,0.5003315473135939,0.34779139623525795,0.7264963468795735
2.1401424301686287,0.02029445407918527,0.12788528746153519,217,0.0010777436439345308,0.5003315473135939,0.34779139623525795,0.7264963468795735
2.787043213994515,0.07412348973389667,0.29049587605396654,218,0.0013584535621475292,0.2254864503865088,0.18528565038913286,0.4954855854066559
2.5454006923489882,0.0647920176234288,0.2880570675689143,218,0.0013584535621475292,0.2254864503865088,0.18528565038913286,0.4954855854066559
6.252433665238917,0.5989134264152343,0.28770539170281817,219,0.007219257178158848,0.6645458822663743,0.3679511146931517,0.33803862314951455
6.065209336791404,0.6817339755464987,0.3315510238216305,219,0.007219257178158848,0.6645458822663743,0.3679511146931517,0.33803862314951455
3.6712349035491685,0.27372431522683977,0.33013265288772486,220,0.003377211783654069,0.4454939087533236,0.2513587317645122,0.4476082335464918
3.524693183498447,0.30311991719651044,0.3088558842510956,220,0.003377211783654069,0.4454939087533236,0.2513587317645122,0.4476082335464918
6.24942152126025,1.680827826215731,0.4569334410512845,221,0.009305211928552968,0.3758396181684548,0.4596900223045434,0.7405247178229367
5.922791196200543,1.607746752166762,0.4388031833402993,221,0.009305211928552968,0.3758396181684548,0.4596900223045434,0.7405247178229367
3.820107979739884,0.12245125141468302,0.2549843976108074,222,0.004620920443244151,0.6411725803659989,0.48166683421393425,0.47611374278358615
3.707194470625196,0.19958973221710927,0.3455968400773505,222,0.004620920443244151,0.6411725803659989,0.48166683421393425,0.47611374278358615
7.293987662277875,2.7990056164257435,0.3365285662066121,223,0.004771761315065985,0.24847291812355798,0.0783893712644906,0.397648260954497
6.997838576785945,2.641739483844747,0.37245121463302,223,0.004771761315065985,0.24847291812355798,0.0783893712644906,0.397648260954497
2.1903771903771903,0.016706266706266706,0.17837822982680127,224,6.543881856167557e-4,0.1877703338526724,0.18265350971881536,0.6096266210550296
2.140146255669721,0.01666203832268814,0.13455425193222226,224,6.543881856167557e-4,0.1877703338526724,0.18265350971881536,0.6096266210550296
4.469397554759355,1.5993794555461163,0.4912247083415324,225,0.008569604005310134,0.018215457859638903,0.5225487447623487,0.7177347282853033
4.785448105375789,1.4039036269047707,0.4980381058645411,225,0.008569604005310134,0.018215457859638903,0.5225487447623487,0.7177347282853033
3.2296983758700692,0.16148491879350346,0.3717587192488244,226,0.003600324042809057,0.4425946494703385,0.4448213981797106,0.6096204391683107
3.268348623853211,0.14612311334714412,0.33175787790436906,226,0.003600324042809057,0.4425946494703385,0.4448213981797106,0.6096204391683107
5.020573094451723,1.4705611011679613,0.5298917783494194,227,0.0086711852796391,0.32568991252768364,0.4900271485502941,0.7740062025592873
5.477978674084376,1.4427445526193787,0.5043957869119311,227,0.0086711852796391,0.32568991252768364,0.4900271485502941,0.7740062025592873
6.220060295559214,0.9525218710118926,0.38716895810874624,228,0.00855415311857682,0.3451125353070459,0.5041213460655977,0.46550840214494327
5.495420482930891,0.7160699417152373,0.37510059829721437,228,0.00855415311857682,0.3451125353070459,0.5041213460655977,0.46550840214494327
4.900996529775271,0.4862026091636201,0.3746396069947921,229,0.006544807155458231,0.42889711456620133,0.49807659479322186,0.3873549208440407
4.747427935860599,0.45045880063027155,0.3436499350850389,229,0.006544807155458231,0.42889711456620133,0.49807659479322186,0.3873549208440407
1.8830194967505414,0.012960802829158104,0.21740693552881865,230,9.51897981109745e-4,0.02463878903651334,0.4706071807831278,0.7813550345417688
2.1546237709605416,0.011068272796030178,0.33833054287728487,230,9.51897981109745e-4,0.02463878903651334,0.4706071807831278,0.7813550345417688
4.490708242509329,1.163778771197399,0.5318042022975368,231,0.007183807791264734,0.20812456181503577,0.47347850214306464,0.7404758442237451
4.936264548309625,1.1065952336966562,0.4602620236792569,231,0.007183807791264734,0.20812456181503577,0.47347850214306464,0.7404758442237451
6.437380002953772,2.270713336287107,0.4318598196692995,232,0.006954484800000871,0.059877312475461755,0.19617128943876092,0.5038991217061453
6.3735122909792,2.105965666827333,0.427254351643068,232,0.006954484800000871,0.059877312475461755,0.19617128943876092,0.5038991217061453
8.43236809313917,2.672543658985661,0.41485128228268175,233,0.008213900255153714,0.3368425804337619,0.21533466320941455,0.631547816391556
7.289175611293403,2.545279276273103,0.4508565322009301,233,0.008213900255153714,0.3368425804337619,0.21533466320941455,0.631547816391556
7.883709719286536,4.4369043645937625,0.29114079624883543,234,0.006676128373629112,0.16488593367307314,0.03615680423346704,0.41932212505932015
7.9656703386524486,4.627445152421467,0.31325038712484243,234,0.006676128373629112,0.16488593367307314,0.03615680423346704,0.41932212505932015
5.340938553279751,0.5129819622948998,0.34819165296082144,235,0.00670027116398709,0.666351852612846,0.39211861256525654,0.5306519219362177
5.455249617321063,0.71740774210206,0.38726827052294777,235,0.00670027116398709,0.666351852612846,0.39211861256525654,0.5306519219362177
3.908746651888797,1.0252147409254642,0.4827015375791658,236,0.006474188034569638,0.04953413193651929,0.483413248970163,0.7395345450432937
3.6796977721809663,0.9944628604233412,0.48995086787173964,236,0.006474188034569638,0.04953413193651929,0.483413248970163,0.7395345450432937
3.341469728910093,0.4937312770442694,0.3566443511305449,237,0.0037186382230084275,0.11086654920602271,0.3351275747726987,0.672321416843416
3.199985176675499,0.5076988641627601,0.45895852246365154,237,0.0037186382230084275,0.11086654920602271,0.3351275747726987,0.672321416843416
4.907081034196394,0.42261058925572553,0.3516733950286431,238,0.006604338058666867,0.4207063534080335,0.5195739213613272,0.4816566142450496
4.530421447443786,0.3325757995676515,0.33537758761022124,238,0.006604338058666867,0.4207063534080335,0.5195739213613272,0.4816566142450496
4.772895125553914,0.5243722304283605,0.29677957270993727,239,0.0043944208752455995,0.5839373092770019,0.26587519544689936,0.6238873284702572
4.50530361828732,0.6874376316664819,0.35726458628706154,239,0.0043944208752455995,0.5839373092770019,0.26587519544689936,0.6238873284702572
7.268983937381757,2.791482731757985,0.5300086230448934,240,0.009298900392412043,0.2106813678102858,0.2883712315282822,0.7761870120528384
6.378715351218969,2.6123418308657094,0.5326534738532798,240,0.009298900392412043,0.2106813678102858,0.2883712315282822,0.7761870120528384
2.5251777251184833,0.031472156398104266,0.19643348635882654,241,0.0017165190137540818,0.30187474703182177,0.44978172127963,0.5794426237521846
2.542185134586272,0.0350773547982129,0.2261693372108184,241,0.0017165190137540818,0.30187474703182177,0.44978172127963,0.5794426237521846
2.5538781112059055,0.11313476019140176,0.31727426529995467,242,0.0016936210641342172,0.11978349855983811,0.24672476935636997,0.7552873762323927
2.5500674963478005,0.12204819054311444,0.33910684915368156,242,0.0016936210641342172,0.11978349855983811,0.24672476935636997,0.7552873762323927
5.297195710653352,1.1497217820687622,0.4525618723527876,243,0.007926799077255235,0.3581363823479898,0.4225636691141974,0.6533352343350949
6.154045116115802,1.3061873002383284,0.500812948359872,243,0.007926799077255235,0.3581363823479898,0.4225636691141974,0.6533352343350949
8.060579163430601,2.5111875439180444,0.4369389278124787,244,0.009041925943624369,0.4991073358371682,0.2899385832779169,0.6945806914877108
7.308569627060808,2.507278897687443,0.42397949873465895,244,0.009041925943624369,0.4991073358371682,0.2899385832779169,0.6945806914877108
3.34632938524363,0.22727692677248285,0.37072281421114384,245,0.0031458364716577315,0.21667205436802175,0.29938895026755097,0.44112510715006437
3.182719205616999,0.18896237425665535,0.35243551373556015,245,0.0031458364716577315,0.21667205436802175,0.29938895026755097,0.44112510715006437
6.105360443622921,0.8225508317929761,0.3323568768716712,246,0.008373598046998587,0.42660803886467413,0.4580996217775907,0.3932764488741526
6.361468941172122,0.8963720036224518,0.41241845791478876,246,0.008373598046998587,0.42660803886467413,0.4580996217775907,0.3932764488741526
4.014126174099549,1.0409733007913615,0.4942125960185222,247,0.003969356074376513,0.2765063214845292,0.1829853693351515,0.6711625205357103
3.9984493548208455,0.9525391814808661,0.4793444686250065,247,0.003969356074376513,0.2765063214845292,0.1829853693351515,0.6711625205357103
2.80561122244489,0.10762265271283308,0.23844168394871412,248,0.001450492900726973,0.3055398325324723,0.15113880491975495,0.35273194587050116
2.860737944561637,0.10177269531105437,0.2389801992364027,248,0.001450492900726973,0.3055398325324723,0.15113880491975495,0.35273194587050116
4.297798463356974,0.7572399527186761,0.282350325569206,249,0.0028201509631684517,0.6985428464824596,0.10872651880260463,0.5512856267316757
4.714383397091164,0.9739239710964499,0.3042498674329561,249,0.0028201509631684517,0.6985428464824596,0.10872651880260463,0.5512856267316757
4.437333530630364,0.5974400710269311,0.3530418975037541,250,0.0047779939425696485,0.755204176409745,0.29626457741088985,0.7503097939687868
4.201431927922594,0.6715630954803619,0.3681327704648598,250,0.0047779939425696485,0.755204176409745,0.29626457741088985,0.7503097939687868
8.762035508227742,2.4321466337680646,0.43820113300962554,251,0.009276032424395612,0.16662388822477517,0.2709940908818438,0.48207719767746915
7.489721080120014,2.515094269733674,0.47003756975128735,251,0.009276032424395612,0.16662388822477517,0.2709940908818438,0.48207719767746915
5.265386527238249,1.2224533755546145,0.4412717937760615,252,0.007285995542883658,0.36539915893297303,0.4007713001734648,0.6230525993730269
5.497043606799704,1.1659275683665928,0.4631279078646221,252,0.007285995542883658,0.36539915893297303,0.4007713001734648,0.6230525993730269
9.76547339629267,3.321074128148737,0.32222599373149047,253,0.006606155492849728,0.3778889054900251,0.11826827069274157,0.3356631827116809
10.058406032825669,3.6928877716989503,0.3293589065726128,253,0.006606155492849728,0.3778889054900251,0.11826827069274157,0.3356631827116809
3.2728889218174073,0.12039489525644113,0.30992294318655045,254,0.00378526671960379,0.11989687516785928,0.510881271833392,0.4773067018668619
3.1023383158206306,0.12209560455823591,0.2747241046399141,254,0.00378526671960379,0.11989687516785928,0.510881271833392,0.4773067018668619
9.69867998440488,3.351094443309879,0.40371646211490786,255,0.009790223836052828,0.4215054369701844,0.21168228974331085,0.5709825489121421
10.236613162415264,3.250891224440791,0.3697276905928801,255,0.009790223836052828,0.4215054369701844,0.21168228974331085,0.5709825489121421
4.201820603907637,1.7225429248075785,0.3856485910116233,256,0.004152133772998077,0.03709805731577704,0.13586909256194982,0.705294876033751
4.3361083934801465,1.389991324091337,0.46097573791561985,256,0.004152133772998077,0.03709805731577704,0.13586909256194982,0.705294876033751
3.9878718408548877,1.414335632013903,0.2598103104578221,257,0.0017617721754239438,0.5470083214756406,0.023151220694522818,0.5103515418137239
3.979142783181095,1.3350097999334345,0.26788791001803053,257,0.0017617721754239438,0.5470083214756406,0.023151220694522818,0.5103515418137239
6.585447386992533,1.782862236749248,0.4617839700693076,258,0.008609953432080876,0.32787327677887906,0.39767833891024224,0.7159123447047937
5.385286528430081,1.5463439083703057,0.4839531155243922,258,0.008609953432080876,0.32787327677887906,0.39767833891024224,0.7159123447047937
9.08772834413671,2.5209929286977015,0.29734346247339793,259,0.008758445186949475,0.7883107848392436,0.2372375855351374,0.4658722880532583
9.360582535065127,2.5884271182672176,0.3197662453966985,259,0.008758445186949475,0.7883107848392436,0.2372375855351374,0.4658722880532583
2.1987197328138044,0.016699137211244088,0.03142028888177451,260,0.0013404182714426428,0.5113137224580288,0.5123541085677349,0.6762818504512834
2.3328838729935906,0.012929681006298602,0.13861457873068317,260,0.0013404182714426428,0.5113137224580288,0.5123541085677349,0.6762818504512834
4.342429463309806,0.4890790863113433,0.35544738084225036,261,0.005221513085084671,0.32934960362145627,0.435752808760522,0.501550578214815
4.142537327240097,0.3367314843937908,0.3207650898588419,261,0.005221513085084671,0.32934960362145627,0.435752808760522,0.501550578214815
6.757909573087052,2.668669559734431,0.47556134212829543,262,0.006893348766913765,0.2999097514853879,0.17246024516451428,0.7355496347635808
6.876216968011127,2.603616133518776,0.437557998943819,262,0.006893348766913765,0.2999097514853879,0.17246024516451428,0.7355496347635808
2.8320871411428046,0.16800516938982737,0.26743356555982384,263,0.0019015707530841972,0.3523568981537211,0.20721382532047009,0.7900742015883871
2.574422702401929,0.14467216915515163,0.3026865469199949,263,0.0019015707530841972,0.3523568981537211,0.20721382532047009,0.7900742015883871
1.9483520343087417,0.005545594025546703,0.06978016445112838,264,4.997851056874037e-4,0.48155800461863757,0.3868515606073487,0.5572086723519964
1.9785273229616718,0,NA,264,4.997851056874037e-4,0.48155800461863757,0.3868515606073487,0.5572086723519964
2.3505422189266847,0.007414959681156734,0.15971028428789052,265,0.0016042853155386044,0.44406388000708247,0.5590538148123756,0.467684636516125
2.5350184112651037,0.0148030272190663,0.08627203459639622,265,0.0016042853155386044,0.44406388000708247,0.5590538148123756,0.467684636516125
5.346717008932682,0.5396445344875218,0.28007567269489636,266,0.00749031054740413,0.794380586694731,0.4312430875675199,0.49529229719676027
6.096363670044274,0.9614137784117223,0.31071484350514494,266,0.00749031054740413,0.794380586694731,0.4312430875675199,0.49529229719676027
2.3611961909004844,0.037125726272020196,0.1563326213527273,267,0.0018206895023359492,0.07896398930449733,0.5851173584941799,0.7031802501672628
2.1782470649043786,0.05168721848925644,0.17004215077119164,267,0.0018206895023359492,0.07896398930449733,0.5851173584941799,0.7031802501672628
2.621180922700206,0.031535793125197095,0.1442291289085327,268,0.001866654152577758,0.7823154716569973,0.3492539351584433,0.4299853521718069
2.574971647424099,0.01859185304999349,0.2745406712108979,268,0.001866654152577758,0.7823154716569973,0.3492539351584433,0.4299853521718069
8.358336111419787,2.32433233322221,0.3631268368065309,269,0.009507982050455239,0.7645252344713661,0.28496022595831355,0.5763275296837385
8.424527951923434,2.164558370738584,0.3461518989155601,269,0.009507982050455239,0.7645252344713661,0.28496022595831355,0.5763275296837385
7.069887516134981,1.8052738336713996,0.3638137241396331,270,0.009546381397090698,0.5083993539556548,0.4116004011297793,0.6228609264257999
7.234994086339444,1.820298639858072,0.4359197213064158,270,0.009546381397090698,0.5083993539556548,0.4116004011297793,0.6228609264257999
5.959127914489837,2.7968025992726466,0.4458708144456506,271,0.00516695025719834,0.16723966719253242,0.09087571400966228,0.7401928496221344
5.160955924547861,2.4601543844060645,0.425732021450075,271,0.00516695025719834,0.16723966719253242,0.09087571400966228,0.7401928496221344
6.776553384572645,1.1204741179738864,0.3733431820689727,272,0.0096319563625024,0.3969465181615381,0.42675582954315766,0.37591260242970226
8.246124210487322,1.433625368130545,0.3432890116342527,272,0.0096319563625024,0.3969465181615381,0.42675582954315766,0.37591260242970226
6.491728043228839,2.0226507272659977,0.4328510472229956,273,0.006618290123670443,0.5764061549428107,0.2152454542510804,0.7846454397324127
5.759327183135119,1.932125523322589,0.43579145400437524,273,0.006618290123670443,0.5764061549428107,0.2152454542510804,0.7846454397324127
4.023392678683792,0.4922826368582744,0.4155228866106433,274,0.006433138397543875,0.1974928867720348,0.5823768134565039,0.6729432817949454
4.051999109858319,0.656479489652103,0.49134069629070715,274,0.006433138397543875,0.1974928867720348,0.5823768134565039,0.6729432817949454
4.9805230940456315,0.747542199962901,0.3793863954007016,275,0.005739839287448343,0.13667997765108839,0.3396188212001498,0.31076910533941676
4.821705999852038,0.5289635274099282,0.3557753285001246,275,0.005739839287448343,0.13667997765108839,0.3396188212001498,0.31076910533941676
4.174784302811021,2.057704796363299,0.2401145974805262,276,0.0033582563578424336,0.019534415766400866,0.016224460742596498,0.4309468696678404
3.9838862383277327,1.8898397905953552,0.2527024888484514,276,0.0033582563578424336,0.019534415766400866,0.016224460742596498,0.4309468696678404
6.402117381406282,1.6861315219604287,0.4651469261045733,277,0.009208154125440881,0.3448217637191822,0.40144226224394297,0.6917485881791698
6.317582580358465,1.646052436676048,0.4388845265993953,277,0.009208154125440881,0.3448217637191822,0.40144226224394297,0.6917485881791698
2.9119739181979845,0.23895969176052165,0.4328176103701542,278,0.00422356991528127,0.2265997018508469,0.5255696688775185,0.697743614094954
3.2301704966641953,0.21497405485544846,0.38192469567898374,278,0.00422356991528127,0.2265997018508469,0.5255696688775185,0.697743614094954
3.1556179982992565,0.07209672052353311,0.20521011885413754,279,0.0032992003150828335,0.38588855086472323,0.4811742823673996,0.421079977877586
3.05138690993875,0.051812512721822315,0.12621479910857342,279,0.0032992003150828335,0.38588855086472323,0.4811742823673996,0.421079977877586
10.935673599643765,3.801695827226005,0.29915259814663364,280,0.00860664443349979,0.4229947676842361,0.15125779557545238,0.32625135052024407
11.3848830966882,4.017105092652585,0.31083029849242083,280,0.00860664443349979,0.4229947676842361,0.15125779557545238,0.32625135052024407
6.2400679995565245,1.0828190250933145,0.44503574499578585,281,0.009918849578388202,0.3978913725263918,0.5190464387744803,0.5139660310942993
6.548375803806682,1.308201131317598,0.3850657431723313,281,0.009918849578388202,0.3978913725263918,0.5190464387744803,0.5139660310942993
3.8566117307585595,0.2312117344579472,0.41073370027368505,282,0.00519141649357384,0.34756628188625605,0.5419884292580172,0.5346498843531999
3.6550384010363652,0.36272786157120385,0.4157227570389093,282,0.00519141649357384,0.34756628188625605,0.5419884292580172,0.5346498843531999
6.9102769639007136,2.2591998820646064,0.4722520798873522,283,0.00924207391504929,0.17285662981546,0.3512153758604076,0.602859847199835
7.095770683653063,1.960965854381157,0.450848397687,283,0.00924207391504929,0.17285662981546,0.3512153758604076,0.602859847199835
7.245946647868512,3.1387971654361295,0.494795529691499,284,0.008561372102882108,0.11246247947965651,0.17400005173916247,0.6748717871432499
7.511615423060548,3.2726801547489033,0.5032174167877433,284,0.008561372102882108,0.11246247947965651,0.17400005173916247,0.6748717871432499
1.8896181935841732,0,NA,285,4.765272371279228e-5,0.5599214616379851,0.2966848012968988,0.6130029203846603
1.937963116185853,0,NA,285,4.765272371279228e-5,0.5599214616379851,0.2966848012968988,0.6130029203846603
2.6523775149462305,0.024062043052547798,0.21628182337787952,286,0.0024872409988534938,0.5414661429414894,0.5511630414593762,0.4866663422730284
2.7121285200163245,0.022260972804511555,0.17487230803041984,286,0.0024872409988534938,0.5414661429414894,0.5511630414593762,0.4866663422730284
3.0546772433941682,0.03513248645550193,0.25075361771306587,287,0.002424053592654678,0.7163585074717576,0.4235060509851339,0.30839211669414307
2.768249494743478,0.035228895110600185,0.17967245729828113,287,0.002424053592654678,0.7163585074717576,0.4235060509851339,0.30839211669414307
2.1992214165790296,0.0055349532296452095,0.0918212247828876,288,0.0010925767354797481,0.5270872080778097,0.5675703405040854,0.6088105142192419
2.143095088277751,0.009253433023651775,0.06630158502149912,288,0.0010925767354797481,0.5270872080778097,0.5675703405040854,0.6088105142192419
2.607825329453413,0.16866531981539487,0.16190583709941295,289,9.096761069289945e-4,0.15130505810292721,0.049190667465249735,0.45911137838735405
2.8026347349582097,0.35609513090647427,0.25255553372691253,289,9.096761069289945e-4,0.15130505810292721,0.049190667465249735,0.45911137838735405
4.6263345195729535,0.663552787663108,0.4086298042769077,290,0.0066311319240544555,0.7344925029143786,0.48185769373932863,0.75805980667389
4.761816736602769,0.7172301606373735,0.3727223505027747,290,0.0066311319240544555,0.7344925029143786,0.48185769373932863,0.75805980667389
5.504332370584315,1.2700881285640226,0.4104600927421519,291,0.008859404631135093,0.7192271547390261,0.5277897356916836,0.7894938871298751
5.711441318535452,1.0545333874119684,0.43551621087154524,291,0.008859404631135093,0.7192271547390261,0.5277897356916836,0.7894938871298751
3.097312326227989,0.11306765523632993,0.16376068949460318,292,0.002422652680871952,0.19757352403721146,0.309220030484201,0.38931368160463076
2.982092644664792,0.0795471363030931,0.23346449425461221,292,0.002422652680871952,0.19757352403721146,0.309220030484201,0.38931368160463076
3.6882277564209707,0.2061396178060059,0.3588076847240986,293,0.0038961454458530656,0.2736896144522913,0.35260267965992853,0.4557522898997358
3.5620394712481946,0.31103047358092345,0.39095117323208245,293,0.0038961454458530656,0.2736896144522913,0.35260267965992853,0.4557522898997358
5.407953852127129,1.1074749939911623,0.4131109393050366,294,0.008335807512944557,0.36939011235561775,0.4443435038587658,0.6362281736767526
5.803670539480501,1.1747946421964035,0.4000892523798734,294,0.008335807512944557,0.36939011235561775,0.4443435038587658,0.6362281736767526
5.061835981680975,0.7231194259544249,0.2968486087005138,295,0.004393947239485808,0.7510109726829182,0.19183378074351382,0.36831051740063997
4.890650173144942,0.6314697875965259,0.3338698664883202,295,0.004393947239485808,0.7510109726829182,0.19183378074351382,0.36831051740063997
2.5537833827893173,0.03338278931750742,0.09545825563813438,296,0.0020939292445632824,0.10461911190319231,0.5634580677862461,0.5948639264404068
2.399615469940102,0.02957923537676551,0.3959121131547664,296,0.0020939292445632824,0.10461911190319231,0.5634580677862461,0.5948639264404068
9.216470413982078,3.5862400947937494,0.36838107393359487,297,0.007686466583699233,0.23730039628187255,0.12944064246110004,0.4867388696041156
9.51958282480861,3.855541994896261,0.45028641082841336,297,0.007686466583699233,0.23730039628187255,0.12944064246110004,0.4867388696041156
4.607151454548821,0.7832898172323759,0.3686505369858698,298,0.005387217442165415,0.6773038396796209,0.2835607348220965,0.5624987762187946
5.294172148614843,0.8097841193366071,0.3571254744185423,298,0.005387217442165415,0.6773038396796209,0.2835607348220965,0.5624987762187946
3.034050013841469,0.14026021961797544,0.3645657014577436,299,0.0033973784853366037,0.06444992455783867,0.4966137550295473,0.5965862905117563
2.9298252124540767,0.12246261179352062,0.3322163446863225,299,0.0033973784853366037,0.06444992455783867,0.4966137550295473,0.5965862905117563
2.729431847701043,0.13730656473818978,0.28815434469374507,300,0.002748023309183505,0.5638176194564591,0.3460320015169346,0.7992781560518445
2.789330671546609,0.15896781825911754,0.2502306930764917,300,0.002748023309183505,0.5638176194564591,0.3460320015169346,0.7992781560518445
